date,year,month,MktRF,SMB,HML,RMW,CMA,MOM,RF,,
196307,1963,7,-0.39,-0.41,-0.97,0.68,-1.18,0.9,0.27,,
196308,1963,8,5.07,-0.8,1.8,0.36,-0.35,1.01,0.25,,
196309,1963,9,-1.57,-0.52,0.13,-0.71,0.29,0.19,0.27,,
196310,1963,10,2.53,-1.39,-0.1,2.8,-2.01,3.12,0.29,,
196311,1963,11,-0.85,-0.88,1.75,-0.51,2.24,-0.74,0.27,,
196312,1963,12,1.83,-2.1,-0.02,0.03,-0.07,1.75,0.29,,
196401,1964,1,2.24,0.13,1.48,0.17,1.47,0.86,0.3,,
196402,1964,2,1.54,0.28,2.81,-0.05,0.91,0.26,0.26,,
196403,1964,3,1.41,1.23,3.4,-2.21,3.22,0.75,0.31,,
196404,1964,4,0.1,-1.52,-0.67,-1.27,-1.08,-0.58,0.29,,
196405,1964,5,1.42,-0.63,1.86,-0.16,0.17,2.57,0.26,,
196406,1964,6,1.27,0.29,0.62,-0.28,-0.17,0.46,0.3,,
196407,1964,7,1.74,0.5,0.75,0.08,1.91,-0.35,0.3,,
196408,1964,8,-1.44,0.41,0.08,0.12,0.35,-0.22,0.28,,
196409,1964,9,2.69,-0.34,1.7,-0.56,0.62,-0.41,0.28,,
196410,1964,10,0.59,0.87,1.17,-0.43,0.47,0.08,0.29,,
196411,1964,11,0,-0.15,-1.96,0.63,-0.26,1.03,0.29,,
196412,1964,12,0.03,-0.69,-2.48,1.07,-1.5,-0.74,0.31,,
196501,1965,1,3.54,2.44,0.12,0.91,0.1,-1.44,0.28,,
196502,1965,2,0.44,3.31,0.11,0.23,-0.68,0.32,0.3,,
196503,1965,3,-1.34,2.12,1.03,-0.32,0.69,0.15,0.36,,
196504,1965,4,3.11,1.05,0.66,0.3,-2.2,2.63,0.31,,
196505,1965,5,-0.77,0.1,-1.61,-0.45,0.53,0.6,0.31,,
196506,1965,6,-5.51,-4.28,0.59,0.22,0.37,-3.13,0.35,,
196507,1965,7,1.43,1.08,2.2,-1.37,0.03,4.1,0.31,,
196508,1965,8,2.73,2.71,-1,1.9,-0.74,2.58,0.33,,
196509,1965,9,2.86,0.62,-0.13,-0.89,0.8,3.3,0.31,,
196510,1965,10,2.6,3.47,1.56,1.17,-0.65,3.46,0.31,,
196511,1965,11,-0.03,5.19,0.15,-1.01,-0.94,4.45,0.35,,
196512,1965,12,1.01,2.66,2.03,-1.14,-0.53,0.12,0.33,,
196601,1966,1,0.72,4.68,3.56,-2.82,-0.11,5.39,0.38,,
196602,1966,2,-1.21,4.71,0.33,-0.17,-1.49,4.57,0.35,,
196603,1966,3,-2.51,0.32,-1.98,1.3,0.06,1.42,0.38,,
196604,1966,4,2.14,3.35,-0.46,0.39,-0.95,6.28,0.34,,
196605,1966,5,-5.66,-5.1,-1.63,1.64,-1.52,-4.7,0.41,,
196606,1966,6,-1.44,1.37,0.5,0.15,0.78,3.25,0.38,,
196607,1966,7,-1.63,-0.41,0.95,-0.36,1.79,-1.34,0.35,,
196608,1966,8,-7.91,-3.12,0.43,-0.09,0.8,-2.14,0.41,,
196609,1966,9,-1.06,-1.14,0.56,-1.68,2.37,-1.84,0.4,,
196610,1966,10,3.86,-6.45,2.69,-3.48,4.25,-5.26,0.45,,
196611,1966,11,1.4,3.34,-4.69,4.13,-6.62,5.72,0.4,,
196612,1966,12,0.13,2.02,-1.19,0.7,-0.34,1.06,0.4,,
196701,1967,1,8.15,9.1,2.27,0.96,-3.16,-6.93,0.43,,
196702,1967,2,0.78,3.06,-2.22,1.99,-0.99,3.52,0.36,,
196703,1967,3,3.99,1.87,0.37,0.86,-1.6,1.53,0.39,,
196704,1967,4,3.89,0.43,-2.48,2.33,-3.67,0.59,0.32,,
196705,1967,5,-4.33,2.29,1.09,-1.73,1.73,0.72,0.33,,
196706,1967,6,2.41,6.43,0.85,-0.62,-2.42,6,0.27,,
196707,1967,7,4.58,3.54,2.73,0.48,2.7,-1.07,0.31,,
196708,1967,8,-0.89,0.72,1.44,0.3,1.45,-1.38,0.31,,
196709,1967,9,3.11,2.44,-2.5,0.2,-0.95,2.52,0.32,,
196710,1967,10,-3.09,0.53,-3.3,1.01,-2.62,3.67,0.39,,
196711,1967,11,0.37,-0.04,-1.7,1.34,-2.34,1.26,0.36,,
196712,1967,12,3.05,5.75,-0.53,-0.81,0.13,3.25,0.33,,
196801,1968,1,-4.06,4.51,4.8,-4.62,6.46,-4.7,0.4,,
196802,1968,2,-3.75,-2.91,1.28,-0.16,2.45,-3.43,0.39,,
196803,1968,3,0.2,-1.59,-0.59,1.05,-1.1,3.23,0.38,,
196804,1968,4,9.05,6.18,-1.13,2.69,-3.65,5.09,0.43,,
196805,1968,5,2.28,7,0.85,0.43,-1.92,3.8,0.45,,
196806,1968,6,0.69,-0.28,0.73,-1.41,2.76,-1.9,0.43,,
196807,1968,7,-2.72,-1.41,5.39,-3.13,3.72,-0.88,0.48,,
196808,1968,8,1.34,2.27,1.01,-0.7,0.48,1.89,0.42,,
196809,1968,9,4.03,2.81,0.3,-1.99,0.87,-0.65,0.43,,
196810,1968,10,0.42,-0.42,2.86,-1.32,2.7,-1.46,0.44,,
196811,1968,11,5.43,2.39,-0.92,0.43,-2.43,1.75,0.42,,
196812,1968,12,-3.94,3.52,-0.01,-1.86,1.76,-0.01,0.43,,
196901,1969,1,-1.25,-0.44,1.67,-1.55,1.38,-0.17,0.53,,
196902,1969,2,-5.84,-4.16,0.91,2.07,0.83,-2.36,0.46,,
196903,1969,3,2.64,-0.45,-0.51,-1.43,-0.35,3.97,0.46,,
196904,1969,4,1.46,-0.8,-0.03,0.41,0.06,1.13,0.53,,
196905,1969,5,-0.1,-0.11,0.7,-0.95,1.39,1.7,0.48,,
196906,1969,6,-7.18,-5.45,-1.08,4.32,-1.6,-2.3,0.51,,
196907,1969,7,-7,-3.41,1.2,1.48,1.91,1.71,0.53,,
196908,1969,8,4.68,0.7,-3.79,1.13,-4.02,2.17,0.5,,
196909,1969,9,-2.98,1.29,-3.27,3.39,-0.82,2.52,0.62,,
196910,1969,10,5.06,3.96,-3.16,0.05,-2.15,-4.31,0.6,,
196911,1969,11,-3.79,-2.45,-1.19,1.46,0.3,3.66,0.52,,
196912,1969,12,-2.63,-3.76,-2.86,2.54,-1.81,4.96,0.64,,
197001,1970,1,-8.1,3.12,3.13,-1.72,3.84,0.6,0.6,,
197002,1970,2,5.13,-2.76,3.93,-2.29,2.76,0.23,0.62,,
197003,1970,3,-1.06,-2.41,3.99,-1,4.29,-0.36,0.57,,
197004,1970,4,-11,-6.4,6.18,-0.64,6.21,-0.77,0.5,,
197005,1970,5,-6.92,-4.48,3.33,-1.21,3.9,-2.78,0.53,,
197006,1970,6,-5.79,-2.2,0.6,0.13,2.96,5.7,0.58,,
197007,1970,7,6.93,-0.62,0.9,-0.26,1.84,-3.14,0.52,,
197008,1970,8,4.49,1.52,1.15,0.56,-0.21,-6.55,0.53,,
197009,1970,9,4.18,8.51,-5.47,0.3,-5.83,-8.8,0.54,,
197010,1970,10,-2.28,-4.43,0.22,1.71,2.34,9.42,0.46,,
197011,1970,11,4.6,-3.86,1.69,1.57,1.47,2.73,0.46,,
197012,1970,12,5.72,2.94,1,0.27,0.3,-2.23,0.42,,
197101,1971,1,4.84,7.54,1.33,-1.99,0.07,-6.51,0.38,,
197102,1971,2,1.41,2.04,-1.23,0.62,-0.7,0.79,0.33,,
197103,1971,3,4.13,2.26,-3.95,1.82,-2.71,-1.41,0.3,,
197104,1971,4,3.15,-0.36,0.69,-1.47,0.87,1.41,0.28,,
197105,1971,5,-3.98,-1.11,-1.44,1.4,0.25,0.86,0.29,,
197106,1971,6,-0.1,-1.48,-1.87,1.53,-1.64,2.73,0.37,,
197107,1971,7,-4.5,-1.39,0.02,0.64,1.46,-2.35,0.4,,
197108,1971,8,3.79,-0.16,2.63,-0.43,2.64,3.61,0.47,,
197109,1971,9,-0.85,0.28,-2.91,2.56,-1.58,2.12,0.37,,
197110,1971,10,-4.42,-1.6,-0.48,1.62,-1.35,0.47,0.37,,
197111,1971,11,-0.46,-2.86,-1.68,2.44,-0.34,1.51,0.37,,
197112,1971,12,8.71,3.27,-0.4,-0.4,-1.75,-0.58,0.37,,
197201,1972,1,2.49,6.1,2.24,-1.69,0.55,0.17,0.29,,
197202,1972,2,2.87,0.87,-2.79,1.61,-0.52,2.54,0.25,,
197203,1972,3,0.63,-0.43,-1.61,1.63,-0.18,2.94,0.27,,
197204,1972,4,0.29,0.23,0.12,-0.42,-1.03,2.81,0.29,,
197205,1972,5,1.25,-3.1,-2.7,2.34,-1.95,3.29,0.3,,
197206,1972,6,-2.43,-0.43,-2.48,1.88,-0.36,1.9,0.29,,
197207,1972,7,-0.8,-2.77,0.66,1.14,-0.66,2.75,0.31,,
197208,1972,8,3.26,-3.48,4.54,-1.96,2.85,-5.4,0.29,,
197209,1972,9,-1.14,-2.23,0.46,1.68,-1.97,1.82,0.34,,
197210,1972,10,0.52,-2.54,1.34,-0.15,0.02,0.71,0.4,,
197211,1972,11,4.6,-0.62,4.85,-1.95,3.37,-5.09,0.37,,
197212,1972,12,0.62,-1.89,-2.19,2.6,-2.16,4.92,0.37,,
197301,1973,1,-3.29,-2.81,2.68,0.42,0.9,3.73,0.44,,
197302,1973,2,-4.85,-3.91,1.6,-0.26,0.02,2.16,0.41,,
197303,1973,3,-1.3,-2.33,2.62,-1.07,0.62,3.59,0.46,,
197304,1973,4,-5.68,-2.9,5.41,-1.58,2.6,6.36,0.52,,
197305,1973,5,-2.94,-6.17,0.41,1.95,-1.57,7.14,0.51,,
197306,1973,6,-1.57,-2.48,1.2,-0.21,0.11,4.3,0.51,,
197307,1973,7,5.05,7.26,-5.31,-0.05,-3.28,-11.57,0.64,,
197308,1973,8,-3.82,-1.84,1.24,-1.31,1.3,3.46,0.7,,
197309,1973,9,4.75,3.6,2.01,-2.33,1.77,-7,0.68,,
197310,1973,10,-0.83,-0.38,1.94,-1.9,2.71,6.87,0.65,,
197311,1973,11,-12.75,-7.28,3.87,-2.63,1.73,8.66,0.56,,
197312,1973,12,0.61,-4.69,3.85,-2.78,2.48,10.38,0.64,,
197401,1974,1,-0.17,10.41,6.02,-3.07,4.42,-8.85,0.63,,
197402,1974,2,-0.47,0.06,2.81,-1.87,2.63,0.32,0.58,,
197403,1974,3,-2.81,2.65,-0.32,2.8,0.44,-1.05,0.56,,
197404,1974,4,-5.29,-0.7,0.85,2.87,2.09,2.11,0.75,,
197405,1974,5,-4.68,-3.07,-2.02,4.95,-0.42,-0.39,0.75,,
197406,1974,6,-2.83,0,0.77,0.57,2.94,2.31,0.6,,
197407,1974,7,-8.05,1.92,5.16,-3.25,4.6,3.11,0.7,,
197408,1974,8,-9.35,0.26,2.64,-0.28,2.59,3,0.6,,
197409,1974,9,-11.77,1.48,5.58,-4.44,5.91,4.24,0.81,,
197410,1974,10,16.1,-6.82,-9.87,-0.21,-2.86,-0.54,0.51,,
197411,1974,11,-4.51,-1.48,-0.2,-3.37,2.92,2.13,0.54,,
197412,1974,12,-3.45,-4.35,0.11,-0.68,3.25,2.92,0.7,,
197501,1975,1,13.66,12.91,8.28,-0.78,-0.9,-13.82,0.58,,
197502,1975,2,5.56,-0.65,-4.44,1.16,-2.1,-0.61,0.43,,
197503,1975,3,2.66,4,2.38,1.26,-1.33,-2.04,0.41,,
197504,1975,4,4.23,-0.71,-1.14,1.41,-1.34,1.38,0.44,,
197505,1975,5,5.19,2.89,-4.1,-0.98,-0.6,-0.58,0.44,,
197506,1975,6,4.83,1.43,1.38,-2.66,1.06,0.04,0.41,,
197507,1975,7,-6.59,3.44,1.69,0.46,1.22,0.42,0.48,,
197508,1975,8,-2.85,-2.84,-0.95,1.11,-0.93,-0.1,0.48,,
197509,1975,9,-4.26,0.05,0.39,0.53,0.55,0.41,0.53,,
197510,1975,10,5.31,-4.23,0.28,-0.49,2.26,-0.16,0.56,,
197511,1975,11,2.64,-1.09,2.03,-0.68,1.75,-0.45,0.41,,
197512,1975,12,-1.6,-0.05,1.69,-0.09,0.57,-0.11,0.48,,
197601,1976,1,12.16,6.34,8.63,-1.79,2.28,4.45,0.47,,
197602,1976,2,0.32,7.99,5.87,-2.64,3.87,0.38,0.34,,
197603,1976,3,2.32,-1.38,-0.12,-0.33,0.96,0.15,0.4,,
197604,1976,4,-1.49,0.08,-0.16,0.4,-1.1,0.59,0.42,,
197605,1976,5,-1.34,-1.1,-1.36,2.46,-1.41,-1.12,0.37,,
197606,1976,6,4.05,-1.07,0.71,-0.68,1.02,-0.42,0.43,,
197607,1976,7,-1.07,0.63,1.73,-1.05,0.28,-0.13,0.47,,
197608,1976,8,-0.56,-1.98,0.81,-0.42,-0.55,-0.85,0.42,,
197609,1976,9,2.07,0.1,-0.29,0.98,-1.15,0.22,0.44,,
197610,1976,10,-2.42,0.13,-0.18,-0.19,-0.37,-0.44,0.41,,
197611,1976,11,0.36,2.66,1.51,-1.41,0.09,2.91,0.4,,
197612,1976,12,5.65,3.64,2.27,-0.61,2.28,0.73,0.4,,
197701,1977,1,-4.05,5.9,4.27,-0.51,1.97,4,0.36,,
197702,1977,2,-1.94,1.07,0.47,-0.16,-0.22,0.36,0.35,,
197703,1977,3,-1.37,1.31,1.09,-0.3,-0.06,0.55,0.38,,
197704,1977,4,0.15,0.61,3.38,-2.01,1.14,4.21,0.38,,
197705,1977,5,-1.45,1.31,0.85,0.33,0.19,2.03,0.37,,
197706,1977,6,4.71,2.08,-0.74,0.91,-1.2,1.66,0.4,,
197707,1977,7,-1.69,1.88,-0.56,0.73,0.09,0.32,0.42,,
197708,1977,8,-1.75,0.86,-2.7,0.98,-0.66,-1.7,0.44,,
197709,1977,9,-0.27,1.43,-0.52,1.43,-0.84,2,0.43,,
197710,1977,10,-4.38,1.48,1.75,-0.2,-0.3,-0.08,0.49,,
197711,1977,11,4,3.64,0.26,-0.13,0.73,2.01,0.5,,
197712,1977,12,0.27,1.59,-0.29,0.92,-0.69,1.58,0.49,,
197801,1978,1,-6.01,2.72,3.36,-1.72,1.52,-0.66,0.49,,
197802,1978,2,-1.38,3.7,0.83,0.3,1.01,1.97,0.46,,
197803,1978,3,2.85,3.71,1.18,-0.59,1.89,1.37,0.53,,
197804,1978,4,7.88,-0.26,-3.54,2.81,-1.26,0.86,0.54,,
197805,1978,5,1.76,4.58,-0.52,0.22,0.41,2.83,0.51,,
197806,1978,6,-1.69,1.56,0.57,-1.4,-0.07,2.74,0.54,,
197807,1978,7,5.11,0.12,-1.15,1.55,-0.78,4.17,0.56,,
197808,1978,8,3.75,4.95,-0.51,1.43,0.46,2.83,0.56,,
197809,1978,9,-1.43,-0.32,1.89,-0.67,1.78,-3.14,0.62,,
197810,1978,10,-11.91,-10.02,1.38,0.12,0.94,-8.46,0.68,,
197811,1978,11,2.71,2.81,-2.15,1.13,-1.17,5.45,0.7,,
197812,1978,12,0.88,1.13,-2.13,2.01,-1.32,3.03,0.78,,
197901,1979,1,4.23,3.78,2.19,-2.47,1.52,-1.36,0.77,,
197902,1979,2,-3.56,0.54,1.17,-1.12,0.94,-1.06,0.73,,
197903,1979,3,5.68,3.24,-0.71,0.53,0.32,2.93,0.81,,
197904,1979,4,-0.06,2.37,1.12,1.08,0.17,0.81,0.8,,
197905,1979,5,-2.21,0.18,1.31,-1.54,-0.27,-0.54,0.82,,
197906,1979,6,3.85,1,1.44,-1.66,-0.52,0.84,0.81,,
197907,1979,7,0.82,1.27,1.86,-0.29,0.71,-1.07,0.77,,
197908,1979,8,5.53,1.92,-1.58,1.62,-1.48,-0.2,0.77,,
197909,1979,9,-0.82,-0.32,-0.9,1.01,0.32,5.28,0.83,,
197910,1979,10,-8.1,-3.5,-1.84,1.01,0.07,2.01,0.87,,
197911,1979,11,5.21,2.53,-3.29,0.06,-2.12,8.14,0.99,,
197912,1979,12,1.79,4.32,-2.1,-0.7,-0.92,4.78,0.95,,
198001,1980,1,5.51,1.83,1.75,-1.7,1.64,7.55,0.8,,
198002,1980,2,-1.22,-1.57,0.61,0.04,2.68,7.88,0.89,,
198003,1980,3,-12.9,-6.93,-1.01,1.46,-1.19,-9.55,1.21,,
198004,1980,4,3.97,1.05,1.06,-2.1,0.29,-0.43,1.26,,
198005,1980,5,5.26,2.11,0.38,0.34,-0.31,-1.12,0.81,,
198006,1980,6,3.06,1.41,-0.76,-0.15,-1.26,1.62,0.61,,
198007,1980,7,6.49,3.82,-6.41,4.06,-2.43,0.39,0.53,,
198008,1980,8,1.8,4.25,-2.6,2.06,-0.86,3.21,0.64,,
198009,1980,9,2.19,0.67,-4.59,1.91,-2.76,5.39,0.75,,
198010,1980,10,1.06,2.33,-2.76,1.65,-1.15,7.3,0.95,,
198011,1980,11,9.59,-3.31,-8.33,4.5,-5.66,15.22,0.96,,
198012,1980,12,-4.52,-0.29,2.79,-1.29,1.24,-6.68,1.31,,
198101,1981,1,-5.04,3.29,6.72,-3.51,4.33,-7.95,1.04,,
198102,1981,2,0.57,-0.5,1.02,0.21,2.22,-1.35,1.07,,
198103,1981,3,3.56,3.02,0.64,-2.24,-0.54,0.74,1.21,,
198104,1981,4,-2.11,4.59,2.28,0.83,1.24,-0.91,1.08,,
198105,1981,5,0.11,2.45,-0.42,0.3,-1.53,3.7,1.15,,
198106,1981,6,-2.36,-0.96,5.13,-1.37,2.66,-5.81,1.35,,
198107,1981,7,-1.54,-2.05,-0.5,1.26,-2.54,-2.45,1.24,,
198108,1981,8,-7.04,-1.81,4.76,-0.32,1.41,-1.15,1.28,,
198109,1981,9,-7.17,-2.45,5.17,0.08,2.63,1.95,1.24,,
198110,1981,10,4.92,2.37,-4.21,3.15,-3.01,4.01,1.21,,
198111,1981,11,3.36,-1.51,1.83,0.08,0.95,-0.27,1.07,,
198112,1981,12,-3.65,1.2,0.81,0.22,2.5,1.3,0.87,,
198201,1982,1,-3.24,-1.14,3.19,-1.49,1.92,1.72,0.8,,
198202,1982,2,-5.86,0.35,6.05,-3.48,4.56,4.88,0.92,,
198203,1982,3,-1.87,-0.05,3.81,-1.38,2.49,2.96,0.98,,
198204,1982,4,3.27,1.09,-2.7,1.57,-0.01,-0.4,1.13,,
198205,1982,5,-3.99,0.64,1.75,0.87,-0.3,2.5,1.06,,
198206,1982,6,-3.09,-0.52,1.53,0.01,2.72,4.96,0.96,,
198207,1982,7,-3.19,0.95,0.09,1.04,1.55,4.45,1.05,,
198208,1982,8,11.14,-4.35,0.95,-1.89,0.09,-3.52,0.76,,
198209,1982,9,1.29,2.61,0.28,2.14,-0.04,4.19,0.51,,
198210,1982,10,11.3,1.92,-3.66,0.29,-0.34,0.18,0.59,,
198211,1982,11,4.67,4.43,-1.87,-0.97,0.27,5.95,0.63,,
198212,1982,12,0.55,-0.04,-0.02,-0.01,1.02,0.04,0.67,,
198301,1983,1,3.6,3.35,-0.75,-1.55,-0.58,-1.73,0.69,,
198302,1983,2,2.59,2.92,0.7,-0.52,1.05,3.77,0.62,,
198303,1983,3,2.82,1.37,2.02,-0.17,2.74,0.92,0.63,,
198304,1983,4,6.67,0.48,0.49,-0.11,1.42,1.72,0.71,,
198305,1983,5,0.52,6.3,-1.4,-1.84,-1.51,-1.56,0.69,,
198306,1983,6,3.07,1.18,-3.9,2.6,-0.87,1.8,0.67,,
198307,1983,7,-4.07,1.01,5.62,-0.14,2.81,-3.13,0.74,,
198308,1983,8,-0.5,-4.32,5.54,0.51,1.9,-5.43,0.76,,
198309,1983,9,0.91,0.3,1.01,1.24,0.5,-0.03,0.76,,
198310,1983,10,-3.44,-3.77,4.97,-0.77,2.96,-4.52,0.76,,
198311,1983,11,2.16,1.87,-0.72,-0.67,0.66,-0.13,0.7,,
198312,1983,12,-1.78,-0.45,1.73,1.64,1.27,0.84,0.73,,
198401,1984,1,-1.92,-0.04,7.58,-0.89,2.92,-2.56,0.76,,
198402,1984,2,-4.82,-1.59,3.33,0.9,1.58,0.22,0.71,,
198403,1984,3,0.63,-0.29,0.46,-0.96,1.17,1.07,0.73,,
198404,1984,4,-0.51,-0.95,1.2,3.34,0.76,2.07,0.81,,
198405,1984,5,-5.97,0.13,0.31,2.36,-0.46,1.51,0.78,,
198406,1984,6,1.82,0.11,-2.66,3.17,-1.56,-0.7,0.75,,
198407,1984,7,-2.74,-2.22,0.36,3.55,-2.15,2.85,0.82,,
198408,1984,8,10.28,-0.26,-1.82,-0.68,-0.92,-5.59,0.83,,
198409,1984,9,-0.8,-0.03,5.28,1.37,2.41,3.62,0.86,,
198410,1984,10,-0.84,-1.44,0.45,1.18,-1.09,3.16,1,,
198411,1984,11,-1.76,-1.02,4.06,0.72,2.06,1.64,0.73,,
198412,1984,12,1.84,-0.65,-0.26,1.31,-1.36,1.49,0.64,,
198501,1985,1,7.99,3.51,-5.35,-0.89,-3.41,-6.82,0.65,,
198502,1985,2,1.22,1.04,-0.1,1.29,1.06,1.88,0.58,,
198503,1985,3,-0.84,-1.39,4.07,1.23,2.88,1.58,0.62,,
198504,1985,4,-0.96,-0.1,3.72,1.55,0.71,3.04,0.72,,
198505,1985,5,5.09,-2.31,-0.96,1.33,-1.49,3.99,0.66,,
198506,1985,6,1.27,0.35,0.38,1.76,-0.77,3.57,0.55,,
198507,1985,7,-0.74,2.87,-1.62,-0.42,-0.38,-3.91,0.62,,
198508,1985,8,-1.02,-0.29,2.32,-0.1,1.83,1.85,0.55,,
198509,1985,9,-4.54,-1.8,1.29,1.14,1.64,1.51,0.6,,
198510,1985,10,4.02,-1.5,0.75,0.89,-1.06,4.88,0.65,,
198511,1985,11,6.48,0.02,-2.85,0.33,-2.32,-0.47,0.61,,
198512,1985,12,3.88,-0.41,-1.54,0.99,-1.8,-0.23,0.65,,
198601,1986,1,0.65,1.01,0.44,-2,-2.03,3,0.56,,
198602,1986,2,7.13,-0.71,-0.72,1.06,-1.2,2.76,0.53,,
198603,1986,3,4.88,-0.66,-0.39,1.21,0.92,2.41,0.6,,
198604,1986,4,-1.31,2.84,-2.87,2.91,0.03,-0.37,0.52,,
198605,1986,5,4.62,-1.29,-0.21,2.13,1.08,2.05,0.49,,
198606,1986,6,1.03,-0.89,1.28,1.8,0.87,5.07,0.52,,
198607,1986,7,-6.45,-3.46,4.7,-0.54,0.84,1.83,0.52,,
198608,1986,8,6.07,-4.35,3.51,-1.66,3.21,-5.28,0.46,,
198609,1986,9,-8.6,2.05,3.22,-0.08,3.71,-5.79,0.45,,
198610,1986,10,4.66,-2.33,-1.42,-0.05,1,4.46,0.46,,
198611,1986,11,1.17,-1.88,-0.07,1.09,0.67,-0.26,0.39,,
198612,1986,12,-3.27,0.12,0.36,0.79,0.09,0.35,0.49,,
198701,1987,1,12.47,-1.54,-3.16,0.17,-1,2.2,0.42,,
198702,1987,2,4.39,3.4,-5.91,-0.76,-2.66,-2.07,0.43,,
198703,1987,3,1.64,0.28,1.61,1.36,4.14,1.68,0.47,,
198704,1987,4,-2.11,-1.54,-0.39,-0.49,1.05,0.22,0.44,,
198705,1987,5,0.11,-0.56,0.23,0.51,1.14,-0.74,0.38,,
198706,1987,6,3.94,-2.21,1.04,1.7,0.84,-0.25,0.48,,
198707,1987,7,3.85,-1.14,0.68,-0.61,1.61,2.72,0.46,,
198708,1987,8,3.52,-0.94,-0.93,2.04,-1.61,-0.86,0.47,,
198709,1987,9,-2.59,0.38,0.27,-0.97,1.87,0.77,0.45,,
198710,1987,10,-23.24,-8.07,4.24,2.04,2.34,-7.86,0.6,,
198711,1987,11,-7.77,2.85,2.95,-1.88,0.68,-1.17,0.35,,
198712,1987,12,6.81,0.06,-4.43,2.96,-2.42,5.87,0.39,,
198801,1988,1,4.21,-0.51,5.01,-1.14,2.13,-7.24,0.29,,
198802,1988,2,4.75,3.32,-1.71,1.56,-0.01,-1.47,0.46,,
198803,1988,3,-2.27,6.25,0.73,-0.25,1.8,0.58,0.44,,
198804,1988,4,0.56,1.16,1.67,-0.2,1.92,2.24,0.46,,
198805,1988,5,-0.29,-2.56,2.42,-0.74,0.33,0.63,0.51,,
198806,1988,6,4.79,2.16,-1.24,1.47,-3.37,-2.93,0.49,,
198807,1988,7,-1.25,-0.21,2.22,-0.58,1.52,0.66,0.51,,
198808,1988,8,-3.31,-0.03,2.15,-0.82,1.76,0.35,0.59,,
198809,1988,9,3.3,-1.36,-0.75,1.76,-0.61,0.27,0.62,,
198810,1988,10,1.15,-2.95,2.05,1.3,1.03,1.33,0.61,,
198811,1988,11,-2.29,-1.65,1.41,-0.28,1.62,0.33,0.57,,
198812,1988,12,1.49,2.01,-1.69,0.69,-0.38,0.49,0.63,,
198901,1989,1,6.1,-2.31,0.6,-0.95,0.14,-0.16,0.55,,
198902,1989,2,-2.25,2.71,1.01,-0.87,1.81,0.99,0.61,,
198903,1989,3,1.57,0.68,0.58,0.05,0.72,3.51,0.67,,
198904,1989,4,4.33,-0.78,-1.42,0.71,-0.57,1.77,0.67,,
198905,1989,5,3.35,-0.01,-0.88,0.49,-0.08,1.52,0.79,,
198906,1989,6,-1.35,-1.09,2.25,0.27,1.56,0.43,0.71,,
198907,1989,7,7.2,-4.15,-2.79,1.98,-0.58,5.41,0.7,,
198908,1989,8,1.44,0.48,0.6,0.39,-0.58,-0.12,0.74,,
198909,1989,9,-0.76,0.49,-1.27,1.4,0.5,3.4,0.65,,
198910,1989,10,-3.67,-3.3,-1.11,0.11,-0.04,1.32,0.68,,
198911,1989,11,1.03,-1.29,-1.09,-0.86,1.41,2.6,0.69,,
198912,1989,12,1.16,-2.27,0.16,-0.07,1.42,2.8,0.61,,
199001,1990,1,-7.85,-1.31,0.85,-1.17,1.35,-3.27,0.57,,
199002,1990,2,1.11,1.17,0.64,-0.03,-0.66,-0.55,0.57,,
199003,1990,3,1.83,1.62,-2.92,2.04,-1.02,1.8,0.64,,
199004,1990,4,-3.36,-0.33,-2.59,1.78,-0.98,2.39,0.69,,
199005,1990,5,8.42,-2.35,-3.83,1.57,-1.68,3.03,0.68,,
199006,1990,6,-1.09,1.35,-1.93,-1.03,-0.39,2.4,0.63,,
199007,1990,7,-1.9,-3.16,-0.03,-0.18,3.21,6.1,0.68,,
199008,1990,8,-10.15,-3.87,1.64,-0.35,2.96,1.88,0.66,,
199009,1990,9,-6.12,-3.74,0.64,0.06,3.67,5.78,0.6,,
199010,1990,10,-1.92,-5.12,0.1,2.97,-0.3,6.71,0.68,,
199011,1990,11,6.35,0.07,-3.1,0.65,-4.74,-5.48,0.57,,
199012,1990,12,2.46,0.67,-1.7,2.73,-1.89,0.29,0.6,,
199101,1991,1,4.69,3.91,-1.6,1.28,-3.99,-6.45,0.52,,
199102,1991,2,7.19,3.94,-0.58,-0.2,-0.33,-4.61,0.48,,
199103,1991,3,2.65,3.83,-1.39,-0.53,-1.06,2.87,0.44,,
199104,1991,4,-0.28,0.31,1.5,0.62,0.74,-2.36,0.53,,
199105,1991,5,3.65,0.14,-0.52,2,-2.43,-0.11,0.47,,
199106,1991,6,-4.94,0.24,1.15,1.79,0.65,0.47,0.42,,
199107,1991,7,4.24,-0.96,-1.32,1.6,-1.36,4.32,0.49,,
199108,1991,8,2.32,1.4,-0.78,0.84,-0.34,1.57,0.46,,
199109,1991,9,-1.59,1.56,-1.08,-1.82,0.08,1.79,0.46,,
199110,1991,10,1.29,0.91,-0.47,-1.7,-0.23,3.06,0.42,,
199111,1991,11,-4.19,-0.83,-1.89,1.11,0.01,1.14,0.39,,
199112,1991,12,10.84,-2.4,-4.17,3.55,-3.12,8.19,0.38,,
199201,1992,1,-0.59,9.18,4.71,-1.32,3.2,-2.49,0.34,,
199202,1992,2,1.09,1.33,6.47,0.08,2.19,-0.53,0.28,,
199203,1992,3,-2.66,-0.93,3.56,-0.01,1.95,-0.29,0.34,,
199204,1992,4,1.07,-5.7,4.34,1.69,2.23,-2.58,0.32,,
199205,1992,5,0.3,0.21,1.19,-0.95,0.48,0.21,0.28,,
199206,1992,6,-2.34,-2.73,3.24,-0.05,1.01,-0.58,0.32,,
199207,1992,7,3.77,-0.62,-0.56,1.3,-0.91,1.56,0.31,,
199208,1992,8,-2.38,-0.42,-1.1,3.72,-1.65,-0.51,0.26,,
199209,1992,9,1.19,0.48,-0.26,1.64,-0.59,1.49,0.26,,
199210,1992,10,1.02,2.07,-1.98,1.24,-0.79,2.48,0.23,,
199211,1992,11,4.13,3.94,-1.35,-0.68,-1.59,-0.15,0.23,,
199212,1992,12,1.53,1.68,2.62,-0.48,0.84,4.31,0.28,,
199301,1993,1,0.93,1.93,5.94,-1.84,2.91,4.83,0.23,,
199302,1993,2,0.12,-3.45,6.42,-0.42,4.13,3.14,0.22,,
199303,1993,3,2.3,0.09,1.18,-0.15,0.9,3.73,0.25,,
199304,1993,4,-3.05,-0.85,2.49,-3.61,1.38,0.38,0.24,,
199305,1993,5,2.89,1.9,-3.42,-0.12,-1.04,0.22,0.22,,
199306,1993,6,0.31,0.13,2.75,-0.92,1.21,4.55,0.25,,
199307,1993,7,-0.34,0.95,2.85,-1.87,2.06,3.16,0.24,,
199308,1993,8,3.71,0.1,0.13,-1.54,-0.04,2.65,0.25,,
199309,1993,9,-0.12,2.98,-0.31,0.24,-0.16,3.37,0.26,,
199310,1993,10,1.41,1.89,-2.76,0.57,0.6,-2.72,0.22,,
199311,1993,11,-1.89,-1.27,-0.74,2.23,-0.94,-4.74,0.25,,
199312,1993,12,1.65,1.4,0.32,1.16,-0.34,2.36,0.23,,
199401,1994,1,2.87,-0.06,1.15,-1.66,1.43,0,0.25,,
199402,1994,2,-2.55,2.67,-1.54,2.14,-1,-0.3,0.21,,
199403,1994,3,-4.78,-1.04,1.6,0.69,1.28,-1.27,0.27,,
199404,1994,4,0.68,-1.01,1.66,1.07,1.11,0.39,0.27,,
199405,1994,5,0.58,-2.56,0.67,0.6,0.68,-2.19,0.31,,
199406,1994,6,-3.03,-0.5,1.67,1.21,1.47,-0.87,0.31,,
199407,1994,7,2.82,-1.85,0.58,-0.65,0.14,0.18,0.28,,
199408,1994,8,4.01,1.37,-2.51,0.95,-1.47,1.55,0.37,,
199409,1994,9,-2.31,2.8,-1.89,0.52,0.93,1.31,0.37,,
199410,1994,10,1.34,-2.3,-1.62,0.23,-0.68,1.49,0.38,,
199411,1994,11,-4.04,0.07,-0.7,0.42,-0.5,-0.18,0.37,,
199412,1994,12,0.86,0,-0.13,0.37,0.38,3.48,0.44,,
199501,1995,1,1.8,-3.06,2.57,0.17,-0.75,-1.81,0.42,,
199502,1995,2,3.63,-0.54,1.08,0.59,-0.33,-0.39,0.4,,
199503,1995,3,2.19,-0.51,-2.15,-0.17,0.22,0.43,0.46,,
199504,1995,4,2.11,-0.22,1.71,0.41,0.9,1.79,0.44,,
199505,1995,5,2.9,-2.19,2.29,0.39,0.04,-0.42,0.54,,
199506,1995,6,2.72,3.06,-2.54,-0.33,-2.44,2.93,0.47,,
199507,1995,7,3.72,2.09,-1.62,0.3,-1.65,2.56,0.45,,
199508,1995,8,0.55,1.75,2.79,-1.24,1.62,0.16,0.47,,
199509,1995,9,3.35,-1.88,-0.04,1.03,0.36,2.9,0.43,,
199510,1995,10,-1.52,-4.04,-0.5,1.91,-0.05,4.16,0.47,,
199511,1995,11,3.96,-1.07,0.51,-0.62,1.12,-0.68,0.42,,
199512,1995,12,1.03,0.72,0.22,-1.37,3.1,2.52,0.49,,
199601,1996,1,2.26,-2.56,0.38,0.18,2.31,0.54,0.43,,
199602,1996,2,1.33,1.77,-1.08,0.24,-1.9,0.59,0.39,,
199603,1996,3,0.73,1.61,0.35,1.42,-0.95,-1.84,0.39,,
199604,1996,4,2.06,4.71,-4.02,-0.14,-2.11,-0.88,0.46,,
199605,1996,5,2.36,3.21,-0.83,0.12,-0.3,1.54,0.42,,
199606,1996,6,-1.14,-3.65,2.35,3.51,1.22,0.98,0.4,,
199607,1996,7,-5.97,-3.81,5.14,2.95,2.6,-0.16,0.45,,
199608,1996,8,2.77,2.57,-0.74,-0.37,-2.42,0.01,0.41,,
199609,1996,9,5.01,-1.39,-2.72,1.27,-2.22,2.7,0.44,,
199610,1996,10,0.86,-3.77,4.94,1.4,3.25,3.79,0.42,,
199611,1996,11,6.25,-3.8,1.39,2.12,-0.79,-2.37,0.41,,
199612,1996,12,-1.7,3.25,1.31,0.37,1.49,0.63,0.46,,
199701,1997,1,4.99,-1.82,-1.42,1.19,-0.02,1.96,0.45,,
199702,1997,2,-0.49,-2.59,5.67,0.67,3.47,-2.13,0.39,,
199703,1997,3,-5.03,-0.43,3.39,0.5,1.66,0.9,0.43,,
199704,1997,4,4.04,-5.7,0.07,3.26,-0.72,4.84,0.43,,
199705,1997,5,6.74,4.75,-4.13,-1.02,-2.96,-5.17,0.49,,
199706,1997,6,4.1,1.19,1.58,0.56,0.66,2.6,0.37,,
199707,1997,7,7.33,-2.76,0.26,0.07,-2.58,3.77,0.43,,
199708,1997,8,-4.15,7.61,1.18,-1.11,-0.04,-2.56,0.41,,
199709,1997,9,5.35,2.49,0.37,-1.63,-0.91,1.47,0.44,,
199710,1997,10,-3.8,-0.52,2.27,1,1.94,-0.57,0.42,,
199711,1997,11,2.98,-5.11,1.2,2.81,1.84,0.33,0.39,,
199712,1997,12,1.32,-2.03,3.84,0.74,1.92,3.98,0.48,,
199801,1998,1,0.15,-1.36,-1.63,0.87,-0.73,0.14,0.43,,
199802,1998,2,7.04,0.2,-0.85,-0.31,-2.54,-1.12,0.39,,
199803,1998,3,4.76,-0.65,1.39,-0.26,-0.37,2.15,0.39,,
199804,1998,4,0.73,0,0.94,-1.69,-0.36,0.74,0.43,,
199805,1998,5,-3.07,-2.95,3.44,1.1,2.61,1.82,0.4,,
199806,1998,6,3.18,-3.66,-1.96,-0.26,-2.97,7.28,0.41,,
199807,1998,7,-2.46,-5.27,-1.78,1.74,0.45,3.69,0.4,,
199808,1998,8,-16.08,-5.17,3.53,3.37,5.91,1.84,0.43,,
199809,1998,9,6.15,-0.78,-3.42,-1.88,-2.99,-0.81,0.46,,
199810,1998,10,7.13,-3.43,-2.23,0.93,0.31,-5.37,0.32,,
199811,1998,11,6.1,0.75,-3.25,-0.86,-1.18,1.2,0.31,,
199812,1998,12,6.16,-1.56,-4.19,-0.76,-3.39,8.92,0.38,,
199901,1999,1,3.5,-0.75,-4.6,-2.77,-6.8,3.03,0.35,,
199902,1999,2,-4.08,-5.22,1.92,-1.23,4.1,-0.1,0.35,,
199903,1999,3,3.45,-4.23,-2.74,-4.07,-1.42,-1.27,0.43,,
199904,1999,4,4.33,4.52,2.46,-2.53,0.89,-9.04,0.37,,
199905,1999,5,-2.46,3.71,2.35,0.93,3.34,-5.19,0.34,,
199906,1999,6,4.77,2.29,-3.19,1.13,-3.21,5.06,0.4,,
199907,1999,7,-3.49,2.57,-0.44,0.36,3.22,1.66,0.38,,
199908,1999,8,-1.38,-1.73,-1.87,-0.24,0.64,3.12,0.39,,
199909,1999,9,-2.79,2.59,-3.49,-0.75,-1.23,6.47,0.39,,
199910,1999,10,6.12,-6.91,-3.37,-1.74,-1.19,5.5,0.39,,
199911,1999,11,3.37,5.8,-6.12,-4.28,-1.74,5.64,0.36,,
199912,1999,12,7.72,5.39,-8.33,-7.6,-5.63,13.22,0.44,,
200001,2000,1,-4.74,4.42,-1.88,-6.29,4.72,1.92,0.41,,
200002,2000,2,2.45,18.28,-9.59,-18.65,-0.48,18.2,0.43,,
200003,2000,3,5.2,-15.32,8.13,11.79,-1.59,-6.83,0.47,,
200004,2000,4,-6.4,-5.01,7.26,7.66,5.65,-8.39,0.46,,
200005,2000,5,-4.42,-3.81,4.75,4.13,1.37,-8.98,0.5,,
200006,2000,6,4.64,9.92,-8.42,-8.31,-2.95,16.6,0.4,,
200007,2000,7,-2.51,-1.03,8.31,5.83,2.94,-0.05,0.48,,
200008,2000,8,7.03,-1.03,-1.39,-3.22,1.1,5.73,0.5,,
200009,2000,9,-5.45,0.19,7.17,2.56,5.53,1.97,0.51,,
200010,2000,10,-2.76,-2.65,5.71,9.61,3.8,-4.48,0.56,,
200011,2000,11,-10.72,-0.58,12.3,13.07,8.43,-2.32,0.51,,
200012,2000,12,1.19,3.26,7.61,1.71,4.79,6.74,0.5,,
200101,2001,1,3.13,5.48,-5.07,-4.69,-5.03,-25.3,0.54,,
200102,2001,2,-10.05,2.83,12.47,9.1,9.07,12.57,0.38,,
200103,2001,3,-7.26,2.33,6.42,3.35,3.92,8.55,0.42,,
200104,2001,4,7.94,-0.86,-4.67,-3.06,-3.2,-7.9,0.39,,
200105,2001,5,0.72,3.6,3.36,0.25,1.91,2.21,0.32,,
200106,2001,6,-1.94,6.57,-1.12,1.6,-1.51,0.38,0.28,,
200107,2001,7,-2.13,-2.82,5.21,7.42,3.07,5.58,0.3,,
200108,2001,8,-6.46,2.71,2.31,4.05,6.57,5.53,0.31,,
200109,2001,9,-9.25,-5.73,1.45,4.99,3.21,11.48,0.28,,
200110,2001,10,2.46,5.27,-7.65,-2.98,-4.55,-8.47,0.22,,
200111,2001,11,7.54,-0.31,2.21,-3.73,-1.61,-8.69,0.17,,
200112,2001,12,1.6,5.16,0.84,0.34,-0.26,0.07,0.15,,
200201,2002,1,-1.44,1.26,3.44,4.69,2.84,3.75,0.14,,
200202,2002,2,-2.29,-0.36,2.16,8.07,5.11,6.82,0.13,,
200203,2002,3,4.24,4.25,1.06,-1.78,0.58,-1.64,0.13,,
200204,2002,4,-5.2,6.72,3.88,4.56,5.38,7.63,0.15,,
200205,2002,5,-1.38,-3.02,1.53,2.36,2.44,3.16,0.14,,
200206,2002,6,-7.21,3.89,-0.05,3.93,2.51,6.03,0.13,,
200207,2002,7,-8.18,-6.43,-3.85,3.79,-0.99,3.77,0.15,,
200208,2002,8,0.5,-1.31,3.28,1.36,-1.47,1.9,0.14,,
200209,2002,9,-10.35,3.08,1.47,3.29,-2.19,9.13,0.14,,
200210,2002,10,7.84,-4.31,-3.95,-3.39,0.76,-5.58,0.14,,
200211,2002,11,5.96,2.91,-1.23,-9.2,5.15,-16.33,0.12,,
200212,2002,12,-5.76,0.62,2.14,6.29,-1.68,9.64,0.11,,
200301,2003,1,-2.57,0.7,-0.83,-0.99,0.69,1.55,0.1,,
200302,2003,2,-1.88,-0.93,-1.39,0.83,-0.62,1.17,0.09,,
200303,2003,3,1.09,0.65,-1.93,1.87,-0.77,1.48,0.1,,
200304,2003,4,8.22,1.02,1.14,-4.68,1.06,-9.33,0.1,,
200305,2003,5,6.05,4.81,0.4,-7,2.91,-10.7,0.09,,
200306,2003,6,1.42,1.66,0.11,0.51,-0.38,-1,0.1,,
200307,2003,7,2.35,4.54,-1.24,-4.14,1.78,-0.24,0.07,,
200308,2003,8,2.34,2.48,1.53,-2.25,2.14,-0.62,0.07,,
200309,2003,9,-1.24,0.54,0.16,1.01,0.34,-0.19,0.08,,
200310,2003,10,6.08,2.71,1.97,-1.35,1.55,3.99,0.07,,
200311,2003,11,1.35,2.33,1.78,0.19,1.81,1.46,0.07,,
200312,2003,12,4.29,-2.49,1.6,0.56,0.94,-5.57,0.08,,
200401,2004,1,2.15,2.45,2.49,-3.66,3.38,2.58,0.07,,
200402,2004,2,1.4,-0.93,0.9,2.17,-1.21,-1.14,0.06,,
200403,2004,3,-1.32,2.1,0.27,1.56,-0.98,0.17,0.09,,
200404,2004,4,-1.83,-2.01,-3.1,3.45,-2.84,-5.38,0.08,,
200405,2004,5,1.17,-0.38,-0.25,-1.18,0.03,1.5,0.06,,
200406,2004,6,1.86,2.56,1.18,1.2,-0.39,2.05,0.08,,
200407,2004,7,-4.06,-2.95,3.24,5.32,-1.66,-2.29,0.1,,
200408,2004,8,0.08,-1.13,0.97,1.23,-1.47,-1.59,0.11,,
200409,2004,9,1.6,3.27,0,-1.49,-1.88,5.49,0.11,,
200410,2004,10,1.43,0.19,-0.22,-0.52,0.49,-1.38,0.11,,
200411,2004,11,4.54,4.11,1.41,-0.58,-0.22,3.16,0.15,,
200412,2004,12,3.43,-0.05,-0.22,-1.16,0.46,-2.87,0.16,,
200501,2005,1,-2.76,-1.17,2.06,2.74,-1.46,3.05,0.16,,
200502,2005,2,1.89,-0.31,1.54,1.43,-0.05,3.37,0.16,,
200503,2005,3,-1.97,-1.42,2.04,0.47,1.29,0.41,0.21,,
200504,2005,4,-2.61,-3.98,0.07,0.97,-0.94,-0.69,0.21,,
200505,2005,5,3.65,2.79,-0.64,-1,0.3,0.45,0.24,,
200506,2005,6,0.57,3.28,2.83,0.96,-0.51,2.05,0.23,,
200507,2005,7,3.92,2.81,-0.79,-1.19,-0.82,0.06,0.24,,
200508,2005,8,-1.22,-0.89,1.32,-2.05,0.37,2.08,0.3,,
200509,2005,9,0.49,-0.34,0.71,0.27,-0.6,3.43,0.29,,
200510,2005,10,-2.02,-1.45,0.42,-0.93,-1.3,-1.39,0.27,,
200511,2005,11,3.61,0.84,-1.16,-0.76,-1.14,0.35,0.31,,
200512,2005,12,-0.25,-0.2,0.2,0.21,0.23,0.77,0.32,,
200601,2006,1,3.04,5.75,1.08,-0.64,-0.46,2.53,0.35,,
200602,2006,2,-0.3,-0.42,-0.34,-0.51,1.91,-1.84,0.34,,
200603,2006,3,1.46,3.38,0.6,0.06,-0.41,1.26,0.37,,
200604,2006,4,0.73,-0.84,2.34,1.8,0.01,0.64,0.36,,
200605,2006,5,-3.57,-2.85,2.41,1.15,1.46,-3.7,0.43,,
200606,2006,6,-0.35,-0.24,0.85,1.32,-0.07,1.54,0.4,,
200607,2006,7,-0.78,-3.63,2.6,1.63,0.9,-2.12,0.4,,
200608,2006,8,2.03,0.44,-2.06,-1.86,2.09,-3.38,0.42,,
200609,2006,9,1.84,-1.46,0.08,0.82,0.6,-0.96,0.41,,
200610,2006,10,3.23,1.98,-0.31,-0.12,0.28,-0.2,0.41,,
200611,2006,11,1.71,0.71,0.14,0.15,-0.8,-1.03,0.42,,
200612,2006,12,0.87,-0.81,2.73,-0.72,2.06,0.79,0.4,,
200701,2007,1,1.4,0.07,-0.68,0.25,0.38,0.24,0.44,,
200702,2007,2,-1.96,1.29,-0.14,-0.51,-0.71,-1.35,0.38,,
200703,2007,3,0.68,0.2,-0.97,0.64,-0.65,2.56,0.43,,
200704,2007,4,3.49,-2.04,-1.45,1.15,1.03,-0.24,0.44,,
200705,2007,5,3.24,0.4,-0.65,1.58,-1.36,-0.34,0.41,,
200706,2007,6,-1.96,0.74,-1.05,0.53,0.08,0.51,0.4,,
200707,2007,7,-3.73,-2.99,-3.71,0.2,-1.13,2.94,0.4,,
200708,2007,8,0.92,-0.37,-1.86,-1.21,-0.53,0.1,0.42,,
200709,2007,9,3.22,-2.44,-2.21,-0.52,-3.02,4.63,0.32,,
200710,2007,10,1.8,-0.08,-2.98,-0.3,-0.09,5.02,0.32,,
200711,2007,11,-4.83,-3.02,-0.94,1.89,-0.29,0.99,0.34,,
200712,2007,12,-0.87,0.15,-0.55,0.87,-1.05,6.63,0.27,,
200801,2008,1,-6.36,-0.65,3.97,2.14,2.14,-7.75,0.21,,
200802,2008,2,-3.09,-0.66,-0.84,0.88,-0.93,6.1,0.13,,
200803,2008,3,-0.93,0.56,0.3,0.79,0.5,4.27,0.17,,
200804,2008,4,4.6,-1.2,-0.94,1.64,-2.47,-0.31,0.18,,
200805,2008,5,1.86,3.02,-1.43,0.93,-0.06,3.31,0.18,,
200806,2008,6,-8.44,1.18,-2.71,4.96,-0.55,12.75,0.17,,
200807,2008,7,-0.77,3.72,5.42,-1.37,1.08,-5.13,0.15,,
200808,2008,8,1.53,3.46,1.59,1.86,0.84,-4.02,0.13,,
200809,2008,9,-9.24,0.25,5.91,2.41,1.78,0.28,0.15,,
200810,2008,10,-17.23,-3.34,-2.3,3.04,2.05,7.85,0.08,,
200811,2008,11,-7.86,-3.89,-6.31,4.53,2.75,7.17,0.03,,
200812,2008,12,1.74,3.29,0.14,0.06,-1.49,-5.09,0,,
200901,2009,1,-8.12,-2.14,-11.29,0.18,-1.17,-2.18,0,,
200902,2009,2,-10.1,-1.32,-6.95,1.19,-1.02,4.41,0.01,,
200903,2009,3,8.95,0.67,3.47,-2.52,-2.25,-11.87,0.02,,
200904,2009,4,10.18,7.13,5.36,1.31,0.13,-34.3,0.01,,
200905,2009,5,5.21,-2.32,0.28,-0.78,-2.17,-12.49,0,,
200906,2009,6,0.43,2.29,-2.73,-1.41,-0.33,5.48,0.01,,
200907,2009,7,7.72,2.39,4.83,-0.46,3.14,-5.55,0.01,,
200908,2009,8,3.33,-0.09,7.63,-3.02,3.34,-9.07,0.01,,
200909,2009,9,4.08,2.73,1.05,1.31,0.36,-4.79,0.01,,
200910,2009,10,-2.59,-4.93,-4.21,4.17,-1.51,2.61,0,,
200911,2009,11,5.56,-2.68,-0.34,1,0.12,0.3,0,,
200912,2009,12,2.75,6.24,-0.17,1.02,-0.09,3.01,0.01,,
201001,2010,1,-3.36,0.34,0.43,-1.27,0.46,-5.4,0,,
201002,2010,2,3.4,1.51,3.23,-0.27,1.43,3.74,0,,
201003,2010,3,6.31,1.85,2.21,-0.65,1.69,3.76,0.01,,
201004,2010,4,2,4.98,2.89,0.69,1.72,3.16,0.01,,
201005,2010,5,-7.89,0.04,-2.44,1.3,-0.21,-0.25,0.01,,
201006,2010,6,-5.57,-2.47,-4.7,-0.16,-1.55,-2.76,0.01,,
201007,2010,7,6.93,0.12,-0.31,0.24,2.01,1.88,0.01,,
201008,2010,8,-4.77,-3.15,-1.9,0.53,-1.59,-0.06,0.01,,
201009,2010,9,9.54,3.75,-3.16,-0.21,0.38,1.41,0.01,,
201010,2010,10,3.88,0.8,-2.43,1.19,-0.26,1.58,0.01,,
201011,2010,11,0.6,3.67,-0.96,0.45,1.59,2.66,0.01,,
201012,2010,12,6.82,1.03,3.7,-3.44,3.16,-3.03,0.01,,
201101,2011,1,1.99,-2.43,0.83,-0.76,0.83,-0.29,0.01,,
201102,2011,2,3.49,1.65,1.27,-1.94,0.88,1.99,0.01,,
201103,2011,3,0.46,2.62,-1.83,1.76,-0.03,3.4,0.01,,
201104,2011,4,2.9,-0.55,-2.43,1.01,-0.8,0.04,0,,
201105,2011,5,-1.27,-0.63,-2.12,2.08,-1.59,-0.62,0,,
201106,2011,6,-1.75,0.16,-0.42,2.49,-1.53,1.78,0,,
201107,2011,7,-2.35,-1.2,-0.9,2.68,-1.81,0.18,0,,
201108,2011,8,-5.99,-3.2,-2.36,3.3,-0.38,-0.28,0.01,,
201109,2011,9,-7.59,-3.66,-1.72,2.04,0.24,-2.42,0,,
201110,2011,10,11.35,3.46,0.1,-2.16,-0.86,-1.43,0,,
201111,2011,11,-0.28,-0.28,-0.46,1.86,1.49,3.84,0,,
201112,2011,12,0.74,-0.33,1.63,0.98,2.52,1.81,0,,
201201,2012,1,5.05,2.06,-0.97,-2.01,-1.43,-7.91,0,,
201202,2012,2,4.42,-1.71,0.43,-0.48,-0.01,-0.29,0,,
201203,2012,3,3.11,-0.47,1.14,-0.54,0.74,1.3,0,,
201204,2012,4,-0.85,-0.55,-0.78,1.3,0.65,3.75,0,,
201205,2012,5,-6.19,-0.12,-1.07,2.08,2.31,6.49,0.01,,
201206,2012,6,3.89,0.84,0.62,-1.09,0.46,-1.06,0,,
201207,2012,7,0.79,-2.78,-0.02,1.1,0.05,3.04,0,,
201208,2012,8,2.55,0.44,1.3,-1.33,-0.84,-2.37,0.01,,
201209,2012,9,2.73,0.61,1.6,-1.49,1.55,-1.14,0.01,,
201210,2012,10,-1.76,-0.89,3.59,-1.34,2.5,0.14,0.01,,
201211,2012,11,0.78,0.46,-0.84,0.6,0.84,0.49,0.01,,
201212,2012,12,1.18,1.89,3.51,-1.85,0.91,-2.86,0.01,,
201301,2013,1,5.57,0.48,0.96,-1.93,1.41,-1.79,0,,
201302,2013,2,1.29,-0.25,0.11,-0.67,0.52,1.29,0,,
201303,2013,3,4.03,0.85,-0.19,0.14,1.38,1.92,0,,
201304,2013,4,1.55,-2.25,0.45,0.27,0.37,0.22,0,,
201305,2013,5,2.8,2.06,2.63,-1.97,-0.87,-2.02,0,,
201306,2013,6,-1.2,1.57,0.03,-0.38,0,0.52,0,,
201307,2013,7,5.65,1.81,0.57,-1.35,0.51,1.76,0,,
201308,2013,8,-2.71,-0.06,-2.69,0.66,-2.16,0.02,0,,
201309,2013,9,3.77,2.63,-1.22,-0.58,-1.36,3.06,0,,
201310,2013,10,4.18,-1.48,1.25,2.78,0.87,0.08,0,,
201311,2013,11,3.13,1.41,0.32,0.14,0.04,0.44,0,,
201312,2013,12,2.81,-0.45,-0.02,-0.46,0.09,0.02,0,,
201401,2014,1,-3.32,0.58,-2.07,-3.88,-1.42,1.71,0,,
201402,2014,2,4.65,0.14,-0.31,-0.23,-0.45,2.07,0,,
201403,2014,3,0.43,-1.09,4.93,2.13,1.92,-3.29,0,,
201404,2014,4,-0.19,-4.12,1.17,3.48,1.02,-3.89,0,,
201405,2014,5,2.06,-1.89,-0.13,0.05,-1,0.87,0,,
201406,2014,6,2.61,3.11,-0.7,-1.89,-2,0.69,0,,
201407,2014,7,-2.04,-4.29,0.03,0.89,0.52,-0.12,0,,
201408,2014,8,4.24,0.31,-0.45,-0.64,-0.7,0.82,0,,
201409,2014,9,-1.97,-3.72,-1.34,1.3,-0.51,0.5,0,,
201410,2014,10,2.52,3.73,-1.81,-0.57,-0.11,-0.06,0,,
201411,2014,11,2.55,-2.28,-3.09,1.5,0.27,0.69,0,,
201412,2014,12,-0.06,2.86,2.27,-1.22,0.96,1.12,0,,
201501,2015,1,-3.11,-0.92,-3.58,1.61,-1.65,3.84,0,,
201502,2015,2,6.13,0.32,-1.86,-1.12,-1.82,-2.82,0,,
201503,2015,3,-1.12,3.07,-0.37,0.09,-0.52,2.74,0,,
201504,2015,4,0.59,-3.09,1.82,0.06,-0.61,-7.27,0,,
201505,2015,5,1.36,0.83,-1.14,-1.79,-0.74,5.82,0,,
201506,2015,6,-1.53,2.9,-0.79,0.44,-1.58,3.01,0,,
201507,2015,7,1.54,-4.55,-4.13,0.3,-2.41,9.98,0,,
201508,2015,8,-6.04,0.25,2.77,0.68,1.19,-2.09,0,,
201509,2015,9,-3.07,-2.79,0.56,1.77,-0.58,5.22,0,,
201510,2015,10,7.75,-2.07,-0.46,0.88,0.52,-3.28,0,,
201511,2015,11,0.56,3.31,-0.42,-2.75,-0.99,2.28,0,,
201512,2015,12,-2.17,-2.99,-2.61,0.5,-0.02,3.36,0.01,,
201601,2016,1,-5.77,-3.47,2.09,2.82,3.08,1.44,0.01,,
201602,2016,2,-0.07,0.88,-0.57,3.25,2.02,-4.38,0.02,,
201603,2016,3,6.96,1.07,1.19,0.77,-0.08,-5.01,0.02,,
201604,2016,4,0.91,1.23,3.28,-2.97,1.9,-6.02,0.01,,
201605,2016,5,1.78,-0.61,-1.66,-1.09,-2.48,1.42,0.01,,
201606,2016,6,-0.05,0.45,-1.48,1.4,1.94,4.13,0.02,,
201607,2016,7,3.95,2.48,-1.32,1.26,-1.18,-3.34,0.02,,
201608,2016,8,0.49,1.68,3.18,-1.85,-0.34,-3.49,0.02,,
201609,2016,9,0.25,1.85,-1.24,-2.21,0.03,0.19,0.02,,
201610,2016,10,-2.02,-4.02,4.09,0.93,0.28,0.6,0.02,,
201611,2016,11,4.86,7.07,8.21,-0.18,3.7,-4.62,0.01,,
201612,2016,12,1.81,0.41,3.53,1.22,-0.23,-0.26,0.03,,
201701,2017,1,1.94,-1.46,-2.75,-0.49,-0.99,-0.93,0.04,,
201702,2017,2,3.57,-2.22,-1.67,0.47,-1.83,-1.65,0.04,,
201703,2017,3,0.17,0.74,-3.35,0.61,-0.94,-1.02,0.03,,
201704,2017,4,1.09,0.48,-2.13,1.9,-1.6,0.48,0.05,,
201705,2017,5,1.06,-3.06,-3.78,0.95,-1.79,1.48,0.06,,
201706,2017,6,0.78,2.58,1.48,-2.22,0,-0.09,0.06,,
201707,2017,7,1.87,-1.69,-0.31,-0.64,-0.2,1.68,0.07,,
201708,2017,8,0.16,-1.82,-2.09,0.14,-2.38,3.26,0.09,,
201709,2017,9,2.51,4.78,3.14,-1.47,1.69,-1.32,0.09,,
201710,2017,10,2.25,-1.94,0.2,0.93,-3.25,4.27,0.09,,
201711,2017,11,3.12,-0.33,-0.03,3.16,-0.05,-0.87,0.08,,
201712,2017,12,1.06,-1.07,0.06,0.74,1.69,-1.54,0.09,,
201801,2018,1,5.57,-3.18,-1.29,-0.76,-0.96,4.05,0.12,,
201802,2018,2,-3.65,0.32,-1.04,0.52,-2.37,3.58,0.11,,
201803,2018,3,-2.35,3.59,-0.21,-0.46,0.01,-1.13,0.11,,
201804,2018,4,0.28,0.93,0.54,-2.42,1.3,0.36,0.14,,
201805,2018,5,2.65,4.73,-3.2,-2.04,-1.5,3.89,0.14,,
201806,2018,6,0.48,0.8,-2.34,0.79,0.24,-2.35,0.14,,
201807,2018,7,3.19,-1.93,0.47,1.56,0.35,-1.41,0.16,,
201808,2018,8,3.44,0.64,-3.94,-0.31,-2.7,5.29,0.16,,
201809,2018,9,0.06,-2.48,-1.7,0.63,1.29,0.04,0.15,,
201810,2018,10,-7.68,-4.46,3.4,0.94,3.59,-1.99,0.19,,
201811,2018,11,1.69,-0.77,0.3,-0.55,0.39,-1.37,0.18,,
201812,2018,12,-9.57,-2.88,-1.84,-0.02,0.21,2.11,0.2,,
201901,2019,1,8.4,3.03,-0.46,-0.8,-1.51,-8.68,0.21,,
201902,2019,2,3.4,1.74,-2.67,0.12,-1.59,0.86,0.18,,
201903,2019,3,1.1,-3.51,-4.17,0.9,-0.95,2.21,0.19,,
201904,2019,4,3.97,-1.17,2.15,1.61,-2.22,-2.97,0.21,,
201905,2019,5,-6.94,-1.59,-2.37,-0.46,1.77,7.56,0.21,,
201906,2019,6,6.93,0.37,-0.71,0.9,-0.44,-2.3,0.18,,
201907,2019,7,1.19,-1.78,0.48,-0.08,0.36,2.89,0.19,,
201908,2019,8,-2.58,-3.24,-4.78,0.56,-0.68,6.92,0.16,,
201909,2019,9,1.43,0.27,6.75,1.84,3.37,-6.81,0.18,,
201910,2019,10,2.06,0.26,-1.91,0.44,-0.96,0.15,0.16,,
201911,2019,11,3.87,0.44,-2.02,-1.59,-1.24,-2.66,0.12,,
201912,2019,12,2.77,0.97,1.75,0.01,1.24,-1.77,0.14,,
202001,2020,1,-0.11,-4.38,-6.25,-1.17,-2.32,5.98,0.13,,
202002,2020,2,-8.13,0.04,-3.81,-1.47,-2.51,-0.4,0.12,,
202003,2020,3,-13.39,-8.28,-13.87,-1.57,1.24,7.97,0.13,,
202004,2020,4,13.65,2.56,-1.33,2.72,-1,-5.23,0,,
202005,2020,5,5.58,1.97,-4.88,0.95,-3.26,0.43,0.01,,
202006,2020,6,2.46,1.96,-2.2,0.09,0.54,-0.73,0.01,,
202007,2020,7,5.77,-3.2,-1.41,0.41,1.02,7.61,0.01,,
202008,2020,8,7.63,-0.89,-2.97,4.28,-1.19,0.55,0.01,,
202009,2020,9,-3.63,0.01,-2.71,-1.36,-1.85,3.12,0.01,,
202010,2020,10,-2.1,4.64,4.25,-0.83,-0.78,-3.05,0.01,,
202011,2020,11,12.47,7.11,2.09,-2.2,1.4,-12.43,0.01,,
202012,2020,12,4.63,4.79,-1.51,-1.96,-0.12,-2.32,0.01,,
202101,2021,1,-0.03,6.94,3.01,-3.78,4.94,4.5,0.01,,
202102,2021,2,2.78,4.54,7.15,0.39,-1.94,-7.89,0,,
202103,2021,3,3.08,-0.88,7.39,6.36,3.42,-6.14,0,,
202104,2021,4,4.93,-3.16,-0.95,2.44,-2.7,1.16,0,,
202105,2021,5,0.29,1.22,7.09,2.45,3.04,0.88,0,,
202106,2021,6,2.75,-0.34,-7.87,-2.14,-0.94,2.2,0,,
202107,2021,7,1.27,-4.61,-1.78,5.46,-0.52,-2.28,0,,
202108,2021,8,2.91,-0.68,-0.15,-0.28,-1.79,2.45,0,,
202109,2021,9,-4.37,1.12,5.08,-1.96,2.1,1.49,0,,
202110,2021,10,6.65,-2.7,-0.49,1.66,-1.45,3.19,0,,
202111,2021,11,-1.55,-1.77,-0.45,7.2,1.73,0.88,0,,
202112,2021,12,3.1,-0.8,3.26,4.91,4.4,-2.6,0.01,,
202201,2022,1,-6.25,-4.06,12.75,0.84,7.72,-2.6,0,,
202202,2022,2,-2.29,2.92,3.08,-2.09,3.12,1.76,0,,
202203,2022,3,3.05,-2.17,-1.81,-1.53,3.14,3.01,0.01,,
202204,2022,4,-9.46,-0.39,6.17,3.52,5.89,4.87,0.01,,
202205,2022,5,-0.34,-0.06,8.39,1.56,3.97,2.43,0.03,,
202206,2022,6,-8.43,1.3,-5.97,1.81,-4.69,0.75,0.06,,
202207,2022,7,9.57,1.82,-4.05,0.82,-6.83,-3.95,0.08,,
202208,2022,8,-3.77,1.52,0.29,-4.75,1.29,2.04,0.19,,
202209,2022,9,-9.35,-1.05,0.05,-1.51,-0.8,3.51,0.19,,
202210,2022,10,7.83,1.89,8.01,3.34,6.64,3.96,0.23,,
202211,2022,11,4.6,-2.74,1.38,6.38,3.18,-1.98,0.29,,
202212,2022,12,-6.41,-0.15,1.37,0.25,4.2,4.54,0.33,,
202301,2023,1,6.65,4.41,-4.01,-2.44,-4.47,-15.99,0.35,,
202302,2023,2,-2.58,0.66,-0.81,1.01,-1.33,0.16,0.34,,
202303,2023,3,2.51,-6.94,-8.85,2.24,-2.37,-2.49,0.36,,
202304,2023,4,0.61,-2.56,-0.04,2.42,2.86,1.63,0.35,,
202305,2023,5,0.35,-0.38,-7.72,-1.81,-7.22,-0.63,0.36,,
202306,2023,6,6.46,1.34,-0.26,2.18,-1.62,-2.39,0.4,,
202307,2023,7,3.21,2.86,4.13,-0.56,0.62,-4.06,0.45,,
