date,year,month,NoDur,Durbl,Manuf,Enrgy,HiTec,Telcm,Shops,Hlth,Utils,Other
192607,1926,7,1.45,15.55,4.69,-1.18,2.9,0.83,0.11,1.77,7.04,2.13
192608,1926,8,3.97,3.68,2.81,3.47,2.66,2.17,-0.71,4.25,-1.69,4.35
192609,1926,9,1.14,4.8,1.15,-3.39,-0.38,2.41,0.21,0.69,2.04,0.29
192610,1926,10,-1.24,-8.23,-3.63,-0.78,-4.58,-0.11,-2.29,-0.57,-2.63,-2.84
192611,1926,11,5.2,-0.19,4.1,0.01,4.71,1.63,6.43,5.42,3.71,2.11
192612,1926,12,0.82,9.89,3.74,2.82,-0.02,1.99,0.62,0.11,-0.17,3.47
192701,1927,1,-0.67,-0.92,-0.08,1.29,-1.13,1.88,-2.55,5.05,-1.79,1.5
192702,1927,2,3.37,8.91,5.81,1.47,4.45,3.97,3.61,1.71,4.53,5.05
192703,1927,3,2.73,1.62,1.43,-6.01,1.45,5.56,-0.41,1.01,0.37,1.22
192704,1927,4,3.35,3.15,0.77,-5.17,5.4,-2.13,4.43,2.74,1.71,0.83
192705,1927,5,8.14,5.93,5.07,4.82,7.37,3.35,2.34,4.12,9.21,6.54
192706,1927,6,-1.79,-3,-2.77,-3.16,3.28,-2.14,-0.62,0.54,-3.57,-2.15
192707,1927,7,4.81,13.09,12.07,2.85,12.16,3.73,9.84,9.84,5.31,6.04
192708,1927,8,2.76,6.98,2.89,-0.04,5.71,0.43,7.34,0.28,3.43,-1.03
192709,1927,9,5.24,5.67,4.76,3.32,1.21,6.53,7.5,5.65,8.29,4.59
192710,1927,10,-0.8,-4.38,-6.69,-2.04,-7.23,-2.09,-4.93,5.13,-4.34,-3.82
192711,1927,11,6.81,6.39,10.84,4.16,10.8,2.83,11.67,3.68,6.32,4.5
192712,1927,12,2.46,7.77,3.08,0.89,1.22,1.33,-0.68,-0.46,2.24,1.96
192801,1928,1,0.52,-3.34,-0.58,-1.86,-0.39,0.3,-0.88,2.69,5.87,-1.01
192802,1928,2,-4.17,1.26,-1.88,-0.22,-0.46,-0.3,-1.12,-1.38,-0.68,-2.02
192803,1928,3,4.39,27.49,8.19,5.32,19.42,1.96,8.49,10.54,6.62,6.04
192804,1928,4,-0.46,1.46,1.5,15.12,2.23,3.22,0,2.35,10.94,4.31
192805,1928,5,0.88,5.65,3.53,-5.29,2.3,6.61,3.79,9.27,1.51,0
192806,1928,6,-4.42,-4.08,-4.93,-4.07,-5.03,-5.22,-3.4,-3.15,-3.43,-4.29
192807,1928,7,1.68,0.94,1.99,1.05,0.65,-1.28,5.44,2.39,-1.24,-0.35
192808,1928,8,6.11,9.04,8.67,2.41,9.75,4.55,13.53,14.57,6.46,4.75
192809,1928,9,1.14,7.88,4.17,5.34,0.66,0.15,0.17,-1.14,3.76,1.01
192810,1928,10,0.9,0.08,4.33,2.04,1.85,2.97,5.9,0.05,-1.89,-0.43
192811,1928,11,6.62,4.51,13.08,17.23,19.56,6.68,15.29,5.05,21.93,9.96
192812,1928,12,-0.52,-1.22,3.09,-4.36,7.13,-0.38,-1.32,-0.41,1.57,0.4
192901,1929,1,3.38,1.3,11,-7.59,10.46,13.38,-3.88,3.43,13.17,5.56
192902,1929,2,-2.62,-0.03,3.42,-0.1,-0.71,-1.15,-2.41,0.05,-1.99,0.02
192903,1929,3,-4.63,-1.88,-1.83,11.03,4.5,4.29,-5.13,-1.5,-3.17,-2.17
192904,1929,4,1.8,-0.98,2.29,0.74,1.78,3.39,3.75,1.48,5.13,0.46
192905,1929,5,-3.94,-15.05,-9.78,-5.57,0.33,-8.77,-8.65,-7.84,4.8,-0.01
192906,1929,6,5.36,7.01,13.51,1.14,17.18,13.7,9.47,4.52,23.47,5.75
192907,1929,7,3.23,-2.95,4.09,0.16,9.24,13.68,1.04,2.59,9.14,6.57
192908,1929,8,4.77,3,9.43,11.36,12.54,10.98,7.79,3.09,9.05,7.73
192909,1929,9,-3.6,-8.35,-7.17,-2.95,-7.56,-1.37,-5.47,-7.02,1.32,-6.4
192910,1929,10,-10.64,-28.94,-19.61,-10.07,-27.73,-15.39,-23.97,-18.02,-30.04,-11.76
192911,1929,11,-8.44,-17.31,-14.13,-6.42,-19.24,-9.47,-12.34,-7.9,-14.64,-9.57
192912,1929,12,0.64,4.9,1.5,-1.18,10.78,1.01,-6.03,1.11,7.94,-0.49
193001,1930,1,5.7,5.95,6.9,-0.76,10.61,1.2,4.69,2.55,7.25,4.89
193002,1930,2,2.15,2.44,2.14,-4.49,7.75,7.06,-5.13,3.15,8.57,3.25
193003,1930,3,2.11,11.37,6.88,17.94,8.12,8.79,-2.44,5.99,9.72,4.84
193004,1930,4,0.54,-7.81,-7.42,6.55,1.97,-4.52,2.63,-1.27,3.34,-6.44
193005,1930,5,1.36,4.12,-1.74,-3.73,-4.4,0.4,-0.17,-1.49,-1.33,-0.96
193006,1930,6,-11.04,-22.27,-16.41,-15.47,-19.74,-8.34,-16.26,-13.34,-19.06,-11.7
193007,1930,7,3.14,12.1,4.75,5.18,4.07,1.27,2.7,6.52,4.06,3.44
193008,1930,8,1.98,-1.89,-0.06,-3.2,2.21,1.74,4.96,7.71,1.18,-0.38
193009,1930,9,-8.96,-16.73,-13.7,-15.46,-18.24,-5.27,-10.91,-8.7,-11.92,-10.51
193010,1930,10,-4.85,-11.64,-9.91,-8.37,-17.35,-4.12,-8.61,-4.37,-8.28,-8.43
193011,1930,11,0.18,5.37,-0.42,-3.72,-3.26,-3.27,2.74,-3.23,-8.74,-5.17
193012,1930,12,-4.59,-1.26,-8.21,-12.32,-10.76,-3.8,-13.44,-6.79,-3.69,-8.8
193101,1931,1,5.4,8.02,3.47,5.31,5.24,4.79,7.19,8.23,5.53,11.89
193102,1931,2,6.81,17.37,12.85,5.77,22.38,5.95,14.79,7.81,15.27,5.47
193103,1931,3,-1.69,-3.81,-6.77,-14.26,-7.76,-3.58,-3.27,1.8,-2.94,-9.4
193104,1931,4,-5.29,-7.87,-14.15,-13.45,-13.04,-4.25,-4.84,-3.62,-9.04,-9.89
193105,1931,5,-11.01,-16.08,-16.42,-12.54,-12.92,-8.94,-3.27,-10.26,-11.15,-17.39
193106,1931,6,10.73,14.63,17.38,17.57,18.69,10.21,7.86,9.69,11,16.22
193107,1931,7,-3.81,-2.1,-10.23,-3.63,-10.38,-4.87,-1.53,2.61,-5.39,-9.86
193108,1931,8,-0.65,-2.78,-0.15,9.48,3.71,0.82,3.02,0.39,-1.74,-3.98
193109,1931,9,-24.69,-34.8,-29.82,-29.84,-33.87,-21.56,-30.24,-29.45,-33.05,-26.5
193110,1931,10,6.89,12.96,6.18,14.02,11.3,4.34,13.97,11.26,10.48,1.9
193111,1931,11,-4.35,-3.49,-8.31,-8.69,-14.16,-6.86,-9.4,-2.79,-4.77,-19.17
193112,1931,12,-9.51,-8.78,-15.33,-18.91,-13.54,-7.94,-15.17,-4.1,-13.24,-16.53
193201,1932,1,2.06,-6.9,-0.5,-4.86,-11.42,-4.04,0.79,-2.66,-2.52,6.79
193202,1932,2,5.37,2.09,5.96,8.75,6.28,11.63,4.11,2.05,7.04,-0.28
193203,1932,3,-5.98,-22.18,-14.36,-1.1,-14.41,-9.9,-9.27,-6.41,-9.57,-15.96
193204,1932,4,-11.35,-29.53,-22.95,-13.94,-24.17,-12.39,-15.71,-19.77,-15.5,-22.36
193205,1932,5,-21.22,-18.59,-18.19,-5.56,-28.6,-10.81,-29.28,-34.08,-26.82,-30.02
193206,1932,6,1.16,-7.82,-2.52,5.94,6.99,-9.55,-0.59,11.05,1.45,-2
193207,1932,7,24.7,44.95,41.74,35.13,44.2,16.7,27.11,29.18,29.35,55.85
193208,1932,8,22.71,45.25,46.41,19.49,45.64,28.17,32.91,35.87,43.46,58.67
193209,1932,9,-0.86,8.5,-2.45,-10.16,-5.6,0.24,3.06,-11.92,-4.65,-4.15
193210,1932,10,-11.41,-24.75,-15.83,-3.79,-19.04,-8.13,-12.68,-18.56,-10.82,-17.99
193211,1932,11,-7.1,-2.71,-10.3,-4.53,-8.25,-1.12,-5.61,5.53,-3.6,-6.9
193212,1932,12,3.81,4.47,3.25,0.05,7.53,3.67,5,6.82,9.12,4.88
193301,1933,1,4.66,0.83,3.42,-3.01,1.43,0.31,-2.4,-1.13,-4.38,8.53
193302,1933,2,-9.06,-24.48,-17.53,-13.9,-20.09,-7.77,-17.96,-10.82,-19.85,-16.41
193303,1933,3,10.37,9.23,11.26,4.39,6.23,-5.85,8.53,-3.16,-12.79,3.77
193304,1933,4,34.17,79.79,57.2,38.99,53.49,13.22,42.45,37.13,25.36,30.8
193305,1933,5,12.71,26.05,26.03,17.71,19.82,17.37,17.06,23.49,19.29,31.54
193306,1933,6,10.34,20.75,12.39,12.5,10.82,10.5,16.26,10.39,15.58,14.5
193307,1933,7,-6.61,-7.05,-11.36,-12.05,-11.07,-4.36,-13.46,-19.11,-13.58,-6.62
193308,1933,8,9.86,20.76,16.21,19.07,12.89,4.53,7.15,-0.38,-1.23,14.59
193309,1933,9,-7.45,-15.32,-10.09,-2.69,-17.14,-3.56,-8.74,-1.31,-19.74,-16.39
193310,1933,10,-9.12,-10.06,-8.02,-4.85,-9.73,-7.18,-7.83,-6.02,-7.5,-10.91
193311,1933,11,5.21,25.38,12.73,14.69,12.83,5.63,14.45,9.4,-2.39,5.35
193312,1933,12,-3.39,10.45,4.61,-1.2,1.49,-3.75,4.57,-11.73,1.05,4.7
193401,1934,1,10.02,13.2,11.09,8.72,16.08,5.97,17.3,16.77,20.52,18.58
193402,1934,2,-4.98,-2.06,-3.16,-3.38,-6.31,2.12,3.03,-3.59,-1.69,-1.88
193403,1934,3,1.17,-0.3,-1.25,-1.33,3.18,1.27,2.4,-0.64,-1.8,0.82
193404,1934,4,3.1,-6.85,-2.75,-1.99,-2.33,-1.25,-1.21,8,-3.75,-1.6
193405,1934,5,-3,-12.82,-10.06,-4.63,-6.6,-4.3,-7.92,-0.38,-7.73,-7.36
193406,1934,6,3.85,-2.75,4.25,1.2,2.79,1.32,2.43,2.04,4.26,3.12
193407,1934,7,-5.12,-13.83,-11.56,-9.73,-11.89,-4.34,-8.35,-1.89,-17.24,-17.37
193408,1934,8,4.22,10.87,7.52,6.12,6.59,2.56,4.72,-3.05,2.04,4.41
193409,1934,9,0.24,0.68,-1.13,-2.32,-0.32,1.9,2.55,0.8,1.61,-0.37
193410,1934,10,0.61,-2.08,-0.46,-4.69,-0.93,-1.56,1.68,-0.71,-7.61,-2.22
193411,1934,11,8.5,17.61,12.63,7.03,13.52,-1.73,9.61,4.07,-0.25,5.64
193412,1934,12,-0.94,3.56,2.21,0.68,3.66,-0.59,-1.04,0.62,-8.66,-0.19
193501,1935,1,-1.4,-9.03,-2.39,-4.37,1.13,-0.46,-5.27,-0.86,-3.16,-6.72
193502,1935,2,1.61,-3.27,-1.8,-3.35,0.19,1.04,-0.62,4.25,-12.16,-4.7
193503,1935,3,-4.63,-5.82,-4.79,-3.82,-4.14,-0.72,-4.33,-3.14,12.34,-5.34
193504,1935,4,5.73,5.73,8.96,15.48,10.24,9.13,6.47,3.18,11.14,8.75
193505,1935,5,1.09,2.96,1.86,3.51,2.65,8.38,2.53,-4.02,13.76,3.88
193506,1935,6,5.51,9.78,6.51,1.51,8.34,5.35,6.28,4.09,9.11,6.33
193507,1935,7,3.14,19.08,10.78,0.13,9.6,5.74,7.51,3.19,9.22,7.26
193508,1935,8,-1.56,9.01,3.25,-1.89,3.21,4.07,3.09,0.29,7.21,3.41
193509,1935,9,1.69,11.09,4.22,-3.33,7.75,4.28,-0.57,1.11,-2.03,0.62
193510,1935,10,4.48,13.63,5.85,13.52,8.8,3.11,1.22,5.97,14.13,2.42
193511,1935,11,1.1,3.49,4.58,2.78,5.82,9.72,2.92,1.74,0.82,13.23
193512,1935,12,2.08,5.8,3.69,14.09,3.51,-0.16,-1.02,2.35,5.62,4.29
193601,1936,1,3.24,3.89,5.61,14.06,6.49,4.17,-2.81,3.46,12.53,12.17
193602,1936,2,0.61,3.74,5.56,1.26,0.34,6.57,0.99,3.45,-6.59,2.81
193603,1936,3,-2.08,10.19,2.43,1.75,-0.05,-3.37,1.14,3.52,0.64,-2.94
193604,1936,4,-4.45,-10.15,-8.94,-10.28,-8.63,-5.66,-5.24,-9.19,-8.34,-7.41
193605,1936,5,4.96,4.06,6.2,-0.57,5.22,6.46,6.7,4.8,9.52,7.4
193606,1936,6,2.32,6.86,1.29,1.73,1.3,2.43,5.29,1.29,3.62,1.75
193607,1936,7,2.97,4.91,7.69,4.74,12.05,2.44,6.21,4.65,11.59,9.64
193608,1936,8,0.84,-0.28,1.65,-0.67,2.41,1.76,2.49,-1.48,-1.03,1.85
193609,1936,9,-0.66,3.26,2.07,1.39,-1.25,0.33,2.94,0.77,-2.05,0.9
193610,1936,10,3.37,5.08,7.73,12.48,5.75,5.09,11.22,3.78,5.72,8.1
193611,1936,11,4.53,-1.37,5.44,1.48,5.5,3.87,11,3.4,-2.86,0.48
193612,1936,12,-1.42,-7.24,1.93,9.24,2.63,-0.4,-8.14,-2.04,-1.63,-1.18
193701,1937,1,2.45,7.27,4.6,2.41,8.62,-0.85,0.07,3.47,2.61,1.04
193702,1937,2,0.89,-0.5,2.66,1.49,-1.32,-3.06,3.06,-3.72,-4.19,4.78
193703,1937,3,-1.01,-4.13,1.35,3.39,-4.49,-2.09,-2.73,-5.03,-6.32,2.7
193704,1937,4,-6.38,-7.9,-9.16,-5.3,-7.62,-5.25,-7.24,-3.32,-7.47,-6.83
193705,1937,5,-0.44,-1.97,1,-0.24,0.8,1.53,-4.54,1.68,-5.27,-3.34
193706,1937,6,-3.24,-10.77,-3.61,-2.66,-1.46,1.39,-1.59,-4.12,-5.26,-8.95
193707,1937,7,5.07,13.23,9.21,8.42,9.55,3.27,10.33,4.14,19.32,8.74
193708,1937,8,-2.47,-2.27,-4.43,-6.57,-4.76,-2.54,-4.27,1.09,-10.18,-8.34
193709,1937,9,-9.12,-12.67,-17.45,-13.21,-14.12,-2.1,-14.1,-10.76,-11.75,-15.93
193710,1937,10,-7.06,-12.88,-13.87,-6.95,-7.19,-5.36,-7.04,-3.55,-4.88,-10.12
193711,1937,11,-5.86,-15.24,-9.32,-11.48,-4.59,-3.59,-14.36,-5.12,2.9,-6.87
193712,1937,12,-2.27,-16.27,-2.42,-1.25,-2.2,-1.54,-6.55,-2.41,-10.69,-6.63
193801,1938,1,2.96,11.05,-1.24,0.51,-2.47,-2.43,5.92,3.52,-5.7,0.49
193802,1938,2,3.46,3.47,8.67,9.42,4.34,-2.32,9.5,8.61,3.64,4.88
193803,1938,3,-15.79,-27.35,-25.72,-25.2,-27.72,-17.44,-22.19,-14.44,-19.61,-29.77
193804,1938,4,12.27,14.85,13.88,15.92,16.76,13.47,16.18,11.82,14.78,14.54
193805,1938,5,-0.23,-6.92,-6.89,-5.82,-2.99,0.83,-3.86,1.71,2.21,-3.96
193806,1938,6,13.2,36.01,32.89,21.98,27.3,12.42,24.03,10.07,16.9,24.87
193807,1938,7,6.61,19.89,6.8,7.38,5.85,1.28,9.06,5.8,0.68,10.01
193808,1938,8,-4.02,5.97,-1.92,-8.82,-1.19,0.28,-2.4,0.36,-5.53,-3.72
193809,1938,9,0.51,0.69,1.67,0.82,1.6,0.85,0.06,-0.01,1.23,-1.25
193810,1938,10,5.15,6.49,10.61,-1.56,10.08,3.56,8.04,5.63,21.09,11.11
193811,1938,11,-2.49,-1.2,-1.45,-0.11,-4.34,0.65,-0.37,1.44,-7.01,-2.01
193812,1938,12,2.76,2.12,5.59,4.86,3.08,2.57,1.03,0.85,3.95,6.34
193901,1939,1,-1.92,-8.33,-9.32,-6.29,-7.5,1.81,-3.14,-0.96,1.21,-8.66
193902,1939,2,2.46,7.06,3,-1.18,2.76,3.53,6.2,3.72,8.78,4.69
193903,1939,3,-5.75,-17.63,-15.57,-8.31,-14.99,-2.21,-9.59,-4.33,-13.63,-14.98
193904,1939,4,0.62,0.72,-1.32,-1.06,-2.71,2.75,-0.13,1,3.03,-1.81
193905,1939,5,5.47,7.89,7.62,2.55,8.28,5.56,11.38,5.49,6.61,8.04
193906,1939,6,-2.04,-6.78,-6.38,-6.12,-8,-3.79,-2.7,1.1,-3.55,-7.64
193907,1939,7,6.22,17.58,12.9,3.03,14.04,6.51,8.71,3.08,12.71,11.57
193908,1939,8,-7.36,-6.94,-6.79,-3.91,-8.09,-4.19,-7.33,-5.43,-6.01,-9.99
193909,1939,9,4.79,23.72,27,25.56,12.26,2.37,1.59,7.07,3.6,25.74
193910,1939,10,3.26,-1.4,-2.56,-3.93,-0.89,3.05,5.77,0.21,2.11,-1.6
193911,1939,11,-0.47,-2.92,-5.99,-6.14,-2.59,0.97,-2.31,1.22,-1.49,-5.07
193912,1939,12,3.17,3.88,3.97,-0.08,3.61,2.87,3.03,3.77,2.95,2.4
194001,1940,1,1.69,-3.83,-4.63,-2.19,-4.2,-0.12,-0.95,-1.79,-0.05,-2.68
194002,1940,2,0.94,2.08,2.7,0.97,-0.58,1.04,2.51,1.48,-1.24,0.88
194003,1940,3,1.65,3.78,1.54,1.72,3.05,1.16,3.08,1.9,1.74,2.63
194004,1940,4,1.75,-0.54,0.76,0.18,-1.49,0.33,-0.13,-0.31,-1.35,-0.76
194005,1940,5,-20.91,-26.04,-22.21,-24.47,-20.77,-14.13,-24.41,-21.21,-19.94,-24.04
194006,1940,6,5.38,8.68,4.2,5.67,3.01,8.72,9.01,4.91,17.43,8.59
194007,1940,7,-0.02,5.92,4.33,3.19,5,1.97,4.39,-0.52,0.08,3.39
194008,1940,8,1.34,7.39,2.49,1.42,3.31,-0.36,2.9,-2.29,-1.04,2.89
194009,1940,9,2.53,3.17,4.14,-2.26,4.22,1.66,3.32,4.61,-2.19,2.48
194010,1940,10,-1.41,3.94,4.1,6.3,2.43,1.61,0.08,-3,3.82,5.31
194011,1940,11,-0.99,-0.63,-1.48,0.87,-2.81,0.61,-2.15,-1.82,-13.06,-0.12
194012,1940,12,0.55,-3.29,1.19,2.31,-0.09,2.04,0.43,-0.23,1.76,0.24
194101,1941,1,-0.51,-9.22,-7.09,-2.14,-2.56,-2.1,-3.63,-2.19,-2.16,-1.6
194102,1941,2,-2.49,1.27,-2.04,-0.69,-0.34,-2.23,-2.53,-4.69,-1.2,-0.31
194103,1941,3,0.56,-1.7,0.77,3.74,0.34,1.78,1.21,1.77,-3.33,1.8
194104,1941,4,-4.13,-10.57,-5.69,1.4,-8.83,-6.35,-5.22,-5.22,-9.61,-4.44
194105,1941,5,-1.4,0.41,3.66,5.46,-0.42,0.4,2.27,-1.45,-4.43,-0.92
194106,1941,6,6.28,3.9,6.48,5.22,10.76,5.04,5.1,6.72,3.94,4.5
194107,1941,7,5.53,3.97,7.11,11.06,1.8,-0.38,4.74,8.03,5.33,7.53
194108,1941,8,0.83,2.34,-0.65,-3.46,0.74,1.06,2.37,0.08,-2.06,0.2
194109,1941,9,1.78,4.14,-2.9,-0.66,-0.78,0.25,0.43,-0.21,-2.83,-2.58
194110,1941,10,-7.04,-7.98,-6.43,2.19,-10.11,-2.72,-5.2,-3.69,-9.66,-4.13
194111,1941,11,-3.15,-3.64,-1.39,3.13,-2.04,-4.03,-4.52,-2.93,-6.67,-1.54
194112,1941,12,-3.95,-11.79,0.78,-11.1,0.47,-8.59,-9.83,-1.59,-7.48,-5.37
194201,1942,1,2.54,6.25,-2.19,-1.63,0.95,-1.37,0.66,-2.99,4.07,9.55
194202,1942,2,-5.5,5.15,-2.41,-5.83,-2.46,-0.57,-1.92,-5.35,-2.45,-1.87
194203,1942,3,-8.29,1.42,-5.56,-8.24,-6.27,-6.91,-7.09,-5.54,-12.13,-8.98
194204,1942,4,-4.1,-4.37,-4.59,-3.57,-3.62,-7.32,-5.88,-4.45,-3.42,-2.02
194205,1942,5,8.76,9.95,1.75,6.77,7.86,7.72,11.75,14.69,8.41,3.54
194206,1942,6,3.55,1.77,3.51,4.42,4.58,-2.23,2.54,2.85,1.69,1.99
194207,1942,7,2.42,2.1,2.76,6.05,1.81,4.48,4.96,1.6,-0.43,6.58
194208,1942,8,0.8,2.33,1.34,3.54,0.73,2.49,1.71,2.43,0.79,2.42
194209,1942,9,-0.07,2.59,3.25,2.36,5.16,2.04,0.67,0.26,5.83,3.38
194210,1942,10,4.51,5.82,6.72,9.62,6.27,6.19,0.62,4.13,15.13,8.91
194211,1942,11,2.71,-0.14,-2.36,0.91,2.02,2.63,6.66,1.58,-1.3,-2.06
194212,1942,12,4.72,8.19,5.27,7.49,6.14,0.35,2.73,8.69,4.36,4.44
194301,1943,1,9.14,5.24,6.98,6.4,9.8,3.78,6.92,2.47,14.69,7.06
194302,1943,2,3.62,7.58,5.23,7.91,3.43,8.81,3.08,3.64,7.87,9.47
194303,1943,3,4.36,5.06,6,7,7.42,0.62,8.68,4.56,4.68,10.09
194304,1943,4,1.03,0.53,-1.43,0.97,1.18,4.16,1.87,1.4,4.01,2.19
194305,1943,5,6.56,6.58,5.37,5.69,6.26,4.57,7.49,5.13,4.49,5.59
194306,1943,6,2.05,4.85,0.87,1.19,2.42,2.27,5.59,0.5,4.24,-0.8
194307,1943,7,-1.87,-9.7,-6.81,-2.86,-7.31,-0.18,-3.15,-3.26,-0.48,-5.19
194308,1943,8,0.94,3.48,0.67,1.1,0.49,0.91,3.74,0.26,1.87,1.41
194309,1943,9,2.18,1.69,2.66,1.41,5.18,1.45,2.16,4.02,3.87,2.18
194310,1943,10,-0.27,-1.12,-0.84,-2.06,-3.43,0.73,-2.4,0.57,0.56,-1.09
194311,1943,11,-4.57,-5.32,-6.44,-6.93,-6.43,-1.74,-4.5,-3.93,-8.37,-7.99
194312,1943,12,6.14,7.94,5.9,7.2,8,3.14,6.92,3.94,7.41,7.16
194401,1944,1,3.97,1.02,1.94,0.61,0.63,0.86,0.78,0.29,-0.34,4.5
194402,1944,2,-0.53,3.68,-0.36,0.09,-2.13,0.88,1.05,-2.64,1.51,2.07
194403,1944,3,2.83,4.77,2.27,1.87,3.79,0.74,2.28,2.46,1.8,2.66
194404,1944,4,-1.95,-1.18,-2.03,-1.37,-1.92,-0.57,-1,-2.36,-0.92,-2.46
194405,1944,5,5.33,7.91,5.56,4.97,3.63,2.83,5.07,5.68,2.78,4.27
194406,1944,6,5.64,9.31,7.1,0.53,7.49,3.21,5.83,3.85,4.86,5.95
194407,1944,7,-0.35,-4.93,-1.95,-1.21,-1.82,-0.37,-0.08,-1.24,0.23,-0.77
194408,1944,8,2.56,3.98,2.16,-1.94,1.96,0.67,3.12,0.76,3.62,0.36
194409,1944,9,-0.23,0.61,0.55,-1.38,-0.65,0.27,1.81,0.43,-1.51,0.1
194410,1944,10,-0.03,-2.74,-0.33,1.87,0.82,0.75,0.44,1.09,1.35,0.67
194411,1944,11,1.27,2.22,0.86,2.63,1.59,0.7,2.79,0.52,-0.39,4.31
194412,1944,12,2.03,3.97,4.24,5.14,4.64,0.72,2.15,1.71,3.12,8.46
194501,1945,1,2.64,1.37,2.8,4.92,0.67,-2.11,0.07,0.56,5.69,0.62
194502,1945,2,3.95,7.65,6.95,7.31,6.6,2.85,4.52,4.25,6.08,7.89
194503,1945,3,-3,-6.03,-4.78,-5.25,-3.81,-0.11,-1.37,-1.83,-3.08,-3.53
194504,1945,4,7.1,11.15,8.41,6.9,8.05,2.51,7.16,6.33,10.11,8.81
194505,1945,5,2.33,0.78,0.8,-0.87,1.82,3.76,6.26,4.11,1.88,3.11
194506,1945,6,0.89,-1.53,-0.15,-0.5,-1.88,2.62,-3.14,-4.65,5.14,4.48
194507,1945,7,-1.44,-0.98,-2.99,-3.23,-1.73,2.18,-0.11,-1.62,-0.37,-5.48
194508,1945,8,7.72,9.41,8.83,2.22,9.74,1.74,8.22,9.19,1.06,2.52
194509,1945,9,6.28,2.74,6.17,1.98,3.4,1.9,5.64,6.51,6.56,6.08
194510,1945,10,6.77,0.2,2.28,6.33,0.76,2.36,5.96,6.61,6.07,5.76
194511,1945,11,3.68,2.62,4.84,8.37,2.7,3.39,6.92,8.58,4.79,9.11
194512,1945,12,1.29,2.54,1.56,-0.24,2.63,0.48,3.46,1.53,-1,0.15
194601,1946,1,4.85,6.67,8,-0.07,6.45,1.91,10.98,7.76,10.82,7.38
194602,1946,2,-4.82,-8.94,-6.09,-4.67,-7.36,-2.82,-4.23,-4.31,-5.71,-6.14
194603,1946,3,6.35,0.98,5.67,11.04,2.15,1.16,11.4,14.57,6.25,4.68
194604,1946,4,3.54,1.42,4.33,8.77,1.7,1.59,7.2,14.67,4.31,1.68
194605,1946,5,3.35,5.14,5.01,3.68,5.14,2.82,1.9,5.64,3.06,3.39
194606,1946,6,-3.6,-5.92,-3.58,-3.15,-5.26,0.3,-7.69,-5.52,-2.78,-3.25
194607,1946,7,-0.75,-4.75,-3.27,-0.06,-3.29,-0.08,-2.99,-3.22,-3.61,-4.97
194608,1946,8,-5.27,-10.34,-6.69,-5.61,-6.89,-7,-4.83,-3.24,-5.35,-6.8
194609,1946,9,-10.68,-14.88,-10.39,-8.05,-9.79,-4.74,-6.88,-7.03,-8.91,-14.38
194610,1946,10,0.39,-3.31,-1.88,-0.66,-2.82,-5.13,-2.25,-0.24,1.45,-0.46
194611,1946,11,-1.31,-1.13,1.74,0.56,-2.12,1.79,-4.94,1.67,0.8,0.01
194612,1946,12,3.75,6.16,6.64,4.39,4.73,3.77,4.06,7.23,6.07,2.74
194701,1947,1,0.23,10.9,0.9,-0.65,5.38,1.03,0.68,-5.32,-0.16,0.47
194702,1947,2,-0.31,1.54,-0.68,-2.7,-2.08,-2.05,-0.39,-4.19,-0.88,-1.28
194703,1947,3,-2.2,-2.7,-1.6,2.29,-2.29,-2.15,-2.2,-1.26,-2.79,-3.33
194704,1947,4,-6.68,-4.08,-5.74,-0.44,-5.21,-0.22,-7.97,-8.6,-3.72,-6.27
194705,1947,5,-0.5,-2.16,-2.09,2.52,-0.29,-1.1,-0.37,-2.68,-2.48,-2.07
194706,1947,6,6.53,5.87,5.74,7.76,3.87,-3.17,9.88,4.19,3.98,3.19
194707,1947,7,4.65,5.2,3.88,3.87,6.34,0.81,4.61,2.6,2.53,5.99
194708,1947,8,-1.38,-0.76,-1.01,-2.3,-4.21,0.36,-3.54,-3.83,0.26,-3.19
194709,1947,9,0.4,0.17,0.7,-2.71,1.13,0.84,-2.8,-2.62,-1.32,-0.96
194710,1947,10,1.36,2.93,3.24,5.24,1.74,0.21,3.03,1.22,0.13,0.99
194711,1947,11,-1.69,-2.68,-1.2,-0.34,-0.55,-2.57,-2.41,-3.04,-7.58,-1.95
194712,1947,12,0.69,2.24,2.62,9.29,2.48,0.44,0.36,3.1,1.19,3.72
194801,1948,1,-2.69,-5.35,-4.08,-7.43,-5.53,0.1,-3.29,-8.23,-0.22,-0.87
194802,1948,2,-6.12,-5.42,-5.33,-2.96,-3.94,-1.06,-3.8,-3.53,-3.46,-4.11
194803,1948,3,5.46,7.25,9.62,9.93,11.1,1.95,6.67,6.33,6.61,9.94
194804,1948,4,1.31,1.17,2.51,11.22,-0.59,2.65,5.08,2.14,1.5,3.25
194805,1948,5,5.09,14.43,7.87,6.08,12.77,2.49,8.57,6.78,5.73,6.76
194806,1948,6,-2,0.3,-0.98,3.49,-1.41,0.44,-1.3,-2.19,2.57,-0.75
194807,1948,7,-1.67,-4.37,-4.99,-7.18,-6.6,-1.65,-7.72,-4.25,-4.34,-4.99
194808,1948,8,0.02,1.12,0.41,-2.01,3.07,0.06,2.49,-1.9,0.1,1.53
194809,1948,9,-3.95,-3.88,-2.65,-4.46,-3.17,-0.23,-0.93,-3.08,-0.89,-3.44
194810,1948,10,3.64,7.95,6.69,9.2,6.85,1.11,4.14,5.19,4.42,4.96
194811,1948,11,-6.17,-11.87,-10.15,-12.18,-9.25,-2.06,-5.72,-5.74,-9.05,-10.58
194812,1948,12,0.68,3.44,4.04,4.72,6.31,1.09,1.53,4.54,2.65,2.85
194901,1949,1,3.67,2.44,0.31,-3.83,-1.33,-1.26,1.17,4.57,4.76,0.32
194902,1949,2,-1.93,-3.69,-3.43,-4.3,-4.21,-0.3,-2.27,-0.93,0.68,-3.2
194903,1949,3,3.2,3.42,3.56,6.06,5.82,1.36,4.39,5.5,3.77,4.9
194904,1949,4,-1.64,-4.22,-3.54,1.28,-3.71,-1.64,-1.64,0.24,1.23,-1.52
194905,1949,5,-0.42,-2.83,-3.3,-5.63,-5.3,-2.18,0.19,-1.88,-0.58,-2.69
194906,1949,6,1.02,1.29,0.23,-1.18,0.11,1.12,2.86,2.16,-0.92,-1.38
194907,1949,7,4.94,9.43,5.94,6.24,6.9,2.41,5.16,6,4.73,4.19
194908,1949,8,3.97,2.31,2.17,5.49,0.75,0.98,1.5,0.19,3.66,1.45
194909,1949,9,2.83,2.65,3.93,3.03,3.65,1.23,2.32,1.86,4.06,3.39
194910,1949,10,1.53,7.34,4.34,3.71,3.74,1.88,0.66,3.38,1.32,2.42
194911,1949,11,1.84,4.75,3.24,-2.77,3.9,1.67,2.1,4.81,3.24,1.23
194912,1949,12,5.13,8.27,6.5,1.09,9.17,1.59,4.76,8.7,3.26,7.18
195001,1950,1,1.37,1.87,1.98,-0.64,4.53,1.86,0.43,1.06,3.73,3.2
195002,1950,2,0.53,3.49,1.94,-0.53,3.4,0.66,2.32,1.92,2.39,1.01
195003,1950,3,-0.56,1.86,0.81,4.85,2.42,4.57,-0.17,-2.9,0.55,-0.7
195004,1950,4,0.14,10.57,7.45,3.23,4.73,2.37,-0.36,5.52,0.95,1.52
195005,1950,5,2.07,6.44,5.98,8.8,0.23,1.97,3.16,3.96,1.83,1.35
195006,1950,6,-5.69,-4.04,-6.55,-4.52,-7.96,-4.28,-4.42,-4.19,-7.63,-6.79
195007,1950,7,0.44,-2.71,2.14,8.81,-2.91,-1.33,-0.96,-6.94,-5.23,7.51
195008,1950,8,3.94,9.23,6.34,4.32,5.26,2.56,4.38,3.68,3.38,2.32
195009,1950,9,4.88,8.79,4.5,3.53,5.01,-0.46,8.46,6.16,4.49,6.51
195010,1950,10,-0.37,0.61,0.46,0.29,-1.49,0.21,0.84,-1.76,-0.73,-1.51
195011,1950,11,0.02,-2.61,5.94,5.28,2.64,-0.24,1.11,4.68,-1.17,3.94
195012,1950,12,2.83,1.5,6.69,8.68,3.88,1.89,2.76,6.06,3.59,11.06
195101,1951,1,4.62,9.22,6.13,6.3,7.72,1.88,3.62,3.1,5.02,6.39
195102,1951,2,0.96,2.8,1.23,0.96,0.92,4.11,3.12,1.46,3.11,-0.42
195103,1951,3,-2.77,1.18,-3.04,-2.38,-0.91,-1.1,-2.1,1.7,-1.41,-2.84
195104,1951,4,0.95,3.42,6.85,10.81,3.17,0.85,0.39,10.41,0.21,3.75
195105,1951,5,-1.27,-5.32,-2.14,-3.01,-2.77,-0.41,-1.32,1.57,-0.05,-3.27
195106,1951,6,-3.58,-6.83,-3.8,1.09,-1.6,-0.18,-2.71,0.83,-0.39,-5.12
195107,1951,7,3.13,3.1,8.44,11.37,5.67,2.8,2.83,14.46,5.31,7.4
195108,1951,8,3.51,7,4.87,5.74,5.92,2.64,2.64,-1.43,2.13,3.45
195109,1951,9,-0.41,2.66,0.22,-0.76,3.34,-0.04,3.4,-1.82,1.32,3.57
195110,1951,10,-3.12,-2.03,-4.14,1.17,-6.35,-1.08,-3.11,-5.97,0.71,-3.63
195111,1951,11,-0.06,2.01,0.43,-0.79,2.53,0.49,1.51,-0.48,1.65,2.09
195112,1951,12,1.91,2.49,4.56,4.72,4.91,0.87,-0.27,5.14,3.26,2.13
195201,1952,1,0.52,-1.17,-0.3,6.6,-1.65,0.18,-0.45,0.65,3.09,3.32
195202,1952,2,-2.01,0.46,-3.84,-3.39,-3.3,-0.63,-3.76,-4.25,0.7,-1.57
195203,1952,3,1.71,8.33,2.98,8.72,5.21,1.26,2.54,0.45,2.23,5.84
195204,1952,4,-3.32,-3,-6.62,-7.65,-3.36,-0.75,-1.85,-5.5,-1.8,-3.4
195205,1952,5,2.14,4.01,4.28,3.51,2.93,1.03,2.58,2.52,2.98,2.94
195206,1952,6,2.87,5.24,4.32,5.45,5.87,2.06,3,-0.96,1.09,4.02
195207,1952,7,0.58,2.53,2.22,-1.02,1.42,0.25,1.94,-4.38,2.03,1.13
195208,1952,8,0.96,2.04,-1.66,-2.66,-0.22,0.89,-0.3,-0.57,1.81,-0.14
195209,1952,9,-2.83,-0.78,-2.1,-4.3,1.04,-0.34,-0.77,-4.09,0.32,-1.37
195210,1952,10,-0.88,1.2,-1.55,0.38,-1.06,0.92,-1.09,-1.49,0.34,-1.57
195211,1952,11,6.02,6.52,8.7,2.07,9.16,4.07,4.54,7.22,5.08,7.27
195212,1952,12,1.43,7.01,2.67,4.55,3.06,0.88,1.29,-1.95,2.01,3.74
195301,1953,1,2.16,-0.36,0.66,-2.99,-2.31,1.03,0.83,-5.11,0.92,1.08
195302,1953,2,1.74,-1.17,-0.98,0.33,0.51,-0.43,-0.15,2.06,0.51,-0.22
195303,1953,3,-1.74,-4.38,-1.63,-0.55,-0.74,-0.43,-0.48,-0.17,0.15,-1.44
195304,1953,4,-0.13,-1.97,-2.68,-5.18,-0.37,-1.04,-0.8,-5.34,-2.94,-3.2
195305,1953,5,0.24,-0.02,0.23,1.84,1.15,0.37,1.52,-0.04,-0.14,1.44
195306,1953,6,-0.84,-3.33,-2.32,-0.08,-2.01,0.5,-2.19,-3.31,-2.98,-2.06
195307,1953,7,2.72,0.72,2.6,3.93,2.31,0.94,1.97,3.66,3.43,1.43
195308,1953,8,-3.5,-6.36,-4.86,-6.36,-4.4,-0.84,-2.34,0.05,-0.35,-6.8
195309,1953,9,0.26,-0.82,1.16,-1.92,3.35,1.77,0.1,0.42,1.65,-0.98
195310,1953,10,0.69,7.74,6.01,5.64,7.24,1.39,0.86,2.66,4.45,3.69
195311,1953,11,0.35,0.49,4.15,1.99,5.02,2.26,3.34,7.98,3,2.78
195312,1953,12,-0.62,-1.21,0.63,0.44,0.69,0.53,1.25,-1.34,0.7,-2.31
195401,1954,1,4.17,5.28,4.51,8.64,6.85,1.89,3.31,5.65,3.3,6.66
195402,1954,2,-0.3,1.71,0.96,2.8,5.01,2.58,0.44,-0.19,1.58,1.54
195403,1954,3,1.37,3.51,4.85,4.28,8.84,1.72,0.37,0.28,2.94,1.79
195404,1954,4,0.98,4.09,5.73,6.15,9.08,1.96,1.53,1.2,1.26,2.87
195405,1954,5,2.38,4.48,4.47,2.97,-0.41,1.23,2.85,1.61,2.64,4.4
195406,1954,6,0.57,1.19,3.6,-5.86,9.71,0.54,2.49,-2.43,1.29,1.49
195407,1954,7,6.39,9.84,5.21,4.23,-0.5,4.36,4.21,8.21,5.42,6.83
195408,1954,8,-2.7,-3.36,-3.76,0.52,-4.67,-1.43,-0.22,-2.56,-1.73,-2.27
195409,1954,9,3.88,14.47,6.6,10.01,6.43,2.49,4.84,2.82,2.01,4.32
195410,1954,10,-2.22,-0.77,-1.11,-1.98,-1.97,-0.85,-2.53,-1.62,-3.81,0.58
195411,1954,11,6.09,4.46,13.68,8.04,13.2,3.43,8.4,12.56,5.67,11.16
195412,1954,12,4.35,7.26,6.53,6.47,3.06,1.58,2.26,6.12,3.57,9.38
195501,1955,1,0.3,0.54,-0.11,0.41,3.49,0.8,1.74,-2.88,1.45,0.88
195502,1955,2,1.53,-1.03,4.17,2.42,4.42,3.99,1.31,2.85,3.65,3.77
195503,1955,3,-0.84,0.05,0.36,-0.23,-1.1,-0.19,-1.4,6.09,-0.73,0.94
195504,1955,4,4.07,5.67,4.34,0.58,5.37,1.97,1.83,0.02,2.56,3.45
195505,1955,5,-0.27,-1.11,3,-0.62,0.07,1.29,3.02,3.15,-0.14,1.64
195506,1955,6,2.49,10.09,9.59,11.2,2.73,0.69,4.43,0.17,1.68,2.37
195507,1955,7,2.06,19.6,-1.17,2.76,-2.74,2.61,2.04,0.13,3.68,-1.43
195508,1955,8,-0.67,-4.27,3.03,-1.1,0.86,-2.44,1.62,0.15,0.05,0.58
195509,1955,9,-1.58,9.24,-0.75,-0.38,-4.22,1.07,3.42,-3.17,-2.63,-2.71
195510,1955,10,-0.83,-4.98,-3.05,-0.99,-5.17,-1.15,-2.51,0.82,-0.97,-2.61
195511,1955,11,3.5,9.24,8,8.58,10.12,1.63,6.01,6.29,3.4,8.3
195512,1955,12,1.2,-4.06,2.89,3.7,4.85,0.86,-0.76,6.23,-0.12,-0.64
195601,1956,1,-1.53,-6.74,-4.57,0.54,-5.21,1.87,-4.41,-6.5,-0.34,-2.76
195602,1956,2,1.1,5.6,4.88,4.27,6.27,0.16,2.81,8.27,1.94,3.37
195603,1956,3,1.76,3.74,7.72,11.44,10.48,1.43,0.43,7.26,3.78,5.71
195604,1956,4,0.86,-5.14,1.02,3.62,0.09,-0.88,-1.82,2.76,-2.17,0.89
195605,1956,5,-3.25,-4.46,-6.17,-6.37,-5.28,-1.06,-4.55,-1.23,-0.72,-5.41
195606,1956,6,0.66,7.02,4.62,2.74,7.12,1.28,2.2,3.6,2.36,1.56
195607,1956,7,1.99,4.35,6.06,6,5.28,2.65,4.57,3.09,5.24,2.41
195608,1956,8,-1.38,0.81,-3.01,-5.27,-3.55,-1.39,-2.61,-3.07,-2.48,-3.59
195609,1956,9,-3.23,-1.21,-6.06,-5.81,-6.85,-2.84,-4.4,-3.68,-3.86,-4.4
195610,1956,10,0.41,-1.01,1.07,0.54,3.25,-1.4,1.33,0.58,1.14,1.11
195611,1956,11,-0.42,-3.44,-0.77,5.31,0.69,1.53,-2.13,-1.3,0.42,0.22
195612,1956,12,1.26,1.04,4.86,4.14,4.44,2.56,-0.42,6.06,1.83,2.02
195701,1957,1,1.78,-6.21,-5.88,-4.12,-5.64,2.9,-1.25,-2.27,2.63,-0.54
195702,1957,2,-1.41,-1.85,-2.74,-2.27,-0.65,0.33,-0.93,-0.35,-0.29,-2.56
195703,1957,3,1.58,0.54,2.03,3.17,4.77,1.51,2,8.22,1.7,2.31
195704,1957,4,1.39,7.95,3.7,6.94,8.39,0.44,0.19,5.43,3.18,3.16
195705,1957,5,1.39,1.05,3.16,7.61,5.79,1.04,2.55,4.79,2.25,1.36
195706,1957,6,-0.64,0.08,0.34,-1.74,5.26,-2.09,-1.91,6.46,-5.1,-1.11
195707,1957,7,0.92,3.64,0.45,1,1.07,-0.24,2.89,2.6,0.04,1.13
195708,1957,8,-1.99,-3.09,-6.23,-5.74,-7.04,-0.12,-2.7,-2.98,-2.58,-5.45
195709,1957,9,-1.14,-7.09,-6.87,-7.97,-6.36,-2.22,0.42,-3.04,-1.73,-6.67
195710,1957,10,-2.12,-3.94,-4.72,-5.76,-1.77,-2.1,-3.93,-0.68,-0.69,-6.88
195711,1957,11,3.36,-5.26,3.35,2.41,6.46,1.49,1.74,8.58,4.38,0.33
195712,1957,12,0.45,-7.89,-4.6,-6.98,-3.24,1.26,-1.71,-0.48,2.56,-4.39
195801,1958,1,7.46,4.96,5.39,1.59,4.03,4.26,7.49,-0.41,6.25,11.04
195802,1958,2,2.04,-1.44,-2.02,-4.6,-1.63,0.66,1.41,4.95,1.27,-1.79
195803,1958,3,4.19,2.95,1.57,7.92,2.62,1.17,4.08,8.17,1.97,2.51
195804,1958,4,3.54,4.96,1.44,5.14,-0.12,2.7,2.99,6.55,5.08,4.52
195805,1958,5,2.72,4.79,3.45,0.35,1.5,2.11,3.62,1.44,1.4,3.74
195806,1958,6,2.65,2.62,2.37,4.95,3.63,1.66,2.14,3.55,2.2,2.87
195807,1958,7,1.63,9.98,8.48,0.69,3.74,0.9,1.87,5.97,1.12,5.28
195808,1958,8,2.93,0.02,2.42,1.92,2.08,2.41,5.7,1.98,-1.01,3.01
195809,1958,9,4.26,10.04,4.54,3.28,6.2,5.04,4.02,11.72,3.47,4.42
195810,1958,10,2.5,2.28,3.05,1.33,4.49,1.46,1.22,1.05,4.28,3.75
195811,1958,11,4.09,1.75,2.92,1.92,4.35,2.14,5.89,8.03,2.96,4.63
195812,1958,12,2.67,2.75,5.21,1.25,13.11,13.28,5.72,4.61,5.94,3.08
195901,1959,1,3.81,-1.08,0.79,0.51,-2.22,3.91,3.49,-0.62,1.24,2.09
195902,1959,2,3,-1.94,3.62,-7.39,5.17,4.85,2.66,3.86,1.25,1.75
195903,1959,3,0.3,-1.19,-0.24,2.14,2.33,-0.43,-1.66,4.25,1.63,-0.71
195904,1959,4,3.01,9.38,4.17,1.72,8.44,4.63,1.54,11.92,-1.13,1.96
195905,1959,5,1.33,5.18,4.04,-0.95,4.84,-1.04,2.72,-1.07,-1.1,0.63
195906,1959,6,1.67,0.16,1.28,-2.72,-0.99,-1.04,2.26,6.59,-2.23,1.42
195907,1959,7,3.7,8.43,3.73,4.96,0.45,0.6,2.12,4.73,3.83,0.25
195908,1959,8,-0.39,2.42,-1.89,-3.13,-2.5,0.61,0.78,-3.57,1.34,-2.21
195909,1959,9,-3.22,-4.45,-4.96,-6.9,-4.19,-0.96,-2.12,-4.96,-4.35,-4.14
195910,1959,10,3.79,-1.26,1.42,1.17,4.98,1.3,0.87,2.34,0.89,0.3
195911,1959,11,1.25,-0.1,2.19,-0.41,9.21,-1.23,2.35,5.62,0.4,-0.5
195912,1959,12,1.23,5.16,2.16,4.23,3.41,4.31,2.68,-1.67,2.14,2.11
196001,1960,1,-3.36,-11.17,-8.41,-7.49,-9.8,0.95,-5.65,-6.38,-2.07,-4.52
196002,1960,2,2.93,-2.2,0.49,-3.43,5.35,8.36,4.21,0.31,2.77,-0.02
196003,1960,3,-1.41,-4.38,-3.55,-0.8,1.63,0.14,0.1,1.61,1.75,-2.27
196004,1960,4,1.53,-1.57,-3.53,-4.26,0.52,-1.05,-0.23,1.65,1.38,-1.13
196005,1960,5,6.51,-0.68,3.86,-3.46,9.55,3.32,3.14,13.72,1.49,0.24
196006,1960,6,4.33,0.81,1.68,3.52,1.46,-0.34,3.84,-0.16,5.77,2.86
196007,1960,7,-0.95,-0.6,-4.15,0.7,-4.2,0.1,-3.01,-3.86,-1.07,-1.47
196008,1960,8,4.51,3.48,1.7,4.1,1.16,7.11,3.13,2.46,4.4,3.11
196009,1960,9,-3.43,-5.68,-7.03,-1,-8.72,-5.91,-8.39,-8.71,-4.48,-5.73
196010,1960,10,1.67,-1.34,-0.97,2.43,-3.25,0.14,0.23,-3.49,-0.33,-0.81
196011,1960,11,8.66,-0.66,4.85,3.4,7.01,4.19,6.92,4.04,3.73,6.69
196012,1960,12,4.48,-0.41,3.94,5.3,3.03,12.45,2.26,6.22,6.35,4.22
196101,1961,1,5.41,8.36,6.63,9.76,2.87,7.89,2.94,6.05,4.95,7.79
196102,1961,2,6.61,3.98,5.05,0.73,2.71,0.75,4.96,5.2,3.63,5.69
196103,1961,3,4.85,3.43,1.61,1.42,2.77,7.43,5.86,3.8,2.02,3.53
196104,1961,4,-1.36,-1.71,-1.34,4.76,0.48,0.8,0.59,-0.3,1.85,0.56
196105,1961,5,3.68,1.3,4.58,0.15,2.86,-1.04,4.08,2.28,2.39,4.18
196106,1961,6,-1.39,-1.53,-2.97,-4.02,-3.35,-3.99,0.54,-3.38,-1.87,-3.79
196107,1961,7,2.85,6.15,2.48,2.28,1.79,6.43,2.45,3.5,2.88,1.27
196108,1961,8,5.11,1.37,2.45,0.19,4.49,0.21,3.25,3.86,3.81,5.23
196109,1961,9,0.05,4.68,-4.46,-6.42,0.21,-2.72,0.39,-1.23,1.42,-1.83
196110,1961,10,3.35,0.54,-0.22,6.62,3.37,0.2,9.05,3.66,5.31,2.32
196111,1961,11,5.49,9.67,2.94,5.53,2.93,8.52,5.13,3.14,3.42,3.82
196112,1961,12,-3.18,2.87,0.17,3.81,-0.69,3.32,-0.36,-1.99,-4.2,-1.85
196201,1962,1,-6.16,-0.17,-3.55,0.08,-4.96,-6.07,-8.62,-4.78,-2.59,-1.44
196202,1962,2,0.25,-1.46,1.41,5.35,-0.02,4.11,1.64,3.75,2.63,1.72
196203,1962,3,-1.1,0.41,-0.45,-1.65,0.21,-2.94,0.91,0.41,1.96,-1.77
196204,1962,4,-6.77,-5.17,-7.95,-3.62,-11.05,-4.68,-4.42,-11.33,-2.78,-7.08
196205,1962,5,-11.28,-4.43,-8.21,-4.96,-11.17,-7.13,-9.09,-10.78,-10.47,-7.85
196206,1962,6,-8.81,-6.07,-9.54,-4.85,-11.57,-8.52,-10.25,-12.89,-5.09,-9.15
196207,1962,7,5.23,8.03,5.25,4.9,11.3,7.23,4.37,7.78,7.45,5.74
196208,1962,8,0.9,3.83,2.36,1.83,3.38,1.58,4.3,-7.92,3.17,3.87
196209,1962,9,-5.61,-2.2,-5.8,-1.77,-8.86,-6.05,-6.62,-4.05,-2.83,-5.76
196210,1962,10,-3.28,2.46,1.49,-0.29,-0.14,2.77,-1.35,2.47,-1.08,0.57
196211,1962,11,12.09,6.73,13.21,10.71,14.56,7.16,11.15,17.59,7.59,14.77
196212,1962,12,1.45,3.54,-1.07,4.69,-0.17,1.08,0.04,0.88,3.45,1.4
196301,1963,1,5.94,7.6,5.78,2.68,5.64,4.13,4.13,5.66,5.26,5.24
196302,1963,2,-3.03,-2.89,-2.55,-1.31,-5.06,-1.09,-0.68,-2.58,-1.47,-0.42
196303,1963,3,2.56,7.09,2.88,6.98,2.75,1.94,2.01,1.18,1.8,2.95
196304,1963,4,2.39,5.65,4.69,6.05,6.42,3.73,5.45,7.62,2.4,5.94
196305,1963,5,1.89,8.03,2.09,-0.11,4.19,-0.64,2.62,-0.25,1.03,3.58
196306,1963,6,-1.38,-3.24,-2.56,1.21,-4.92,-1.94,-1.39,-1.09,-1.12,-1.4
196307,1963,7,-0.48,-0.07,-1.39,2.3,-0.68,-0.25,-1.05,0.57,0.81,-1.59
196308,1963,8,4.87,6.54,6.19,3.94,5.13,4.28,6.42,9.56,4.2,5.44
196309,1963,9,-1.69,-0.25,-0.78,-3.65,0.14,2.36,0.93,-4.07,-2.5,-3.18
196310,1963,10,2.66,10.71,2.54,-0.33,8.3,3.43,0.51,3.38,-0.67,1.39
196311,1963,11,-1.12,-5.17,0.3,-1.15,-0.29,4.14,-1.25,-1.65,-1.02,0.1
196312,1963,12,2.81,0.6,1.89,4.66,3.04,-0.09,0.33,1.53,2.41,2.66
196401,1964,1,0.8,1.22,2.71,4.85,2.93,3.32,2.52,3.7,1.4,1.17
196402,1964,2,1.86,1.64,2.73,1.08,1.96,-0.28,1.63,1.65,0.87,5.38
196403,1964,3,3.08,1.08,3.7,1.4,3.38,-0.9,2.43,-1.94,-0.74,2.34
196404,1964,4,-0.47,1.8,-1.72,4.04,-3.63,0.83,2.88,-1.42,1.05,0.29
196405,1964,5,1.56,1.52,1.77,2.15,2.74,-0.39,3.91,0.52,0.84,2.38
196406,1964,6,1.6,0.77,0.88,0.67,0.51,4.69,3.84,0.58,2.21,1.31
196407,1964,7,1.76,5.64,1.34,3.33,-1.81,-2.01,1.21,4.76,4.91,1.23
196408,1964,8,-0.26,1.4,-1.26,-1.86,-2.76,-1.56,0.34,-4.22,-0.02,-3.11
196409,1964,9,1.69,4.64,4.78,3.08,1.15,-1.03,3.48,2.74,1.88,3.99
196410,1964,10,-0.19,0.08,0.42,3.07,-0.99,-0.89,2.31,2.86,0.96,1.75
196411,1964,11,0.71,-1.09,-0.58,2.54,-0.23,-2.22,3.24,2.17,1.37,-1.65
196412,1964,12,0.23,1.89,-0.71,-0.24,-0.01,3.12,0.16,4.38,0.49,-1.78
196501,1965,1,6.06,3.81,5.39,0.51,7.46,0.25,3.06,7.66,3.96,4.72
196502,1965,2,1.61,-0.51,2.55,-3.36,2.2,0.81,1.39,2.42,0.44,2.61
196503,1965,3,-0.79,1.28,-1.14,-3.02,-0.47,-1.68,-0.82,-0.92,-0.52,-0.37
196504,1965,4,4.2,6.78,4.05,0.86,5.14,2.33,6.81,2.97,0.66,2.3
196505,1965,5,-0.79,-3.26,-0.54,0.87,0.47,2.76,0.19,-1.25,-0.97,-1.49
196506,1965,6,-5.13,-6.8,-6.24,-1.98,-5.72,-4.17,-6.21,-5.31,-3.66,-6.99
196507,1965,7,1.58,2.29,2.07,1.8,3.59,-0.37,-1.4,3.95,1.06,3.34
196508,1965,8,4.05,3.42,3.51,1.55,5.87,1.33,2.3,6.29,0.92,5.11
196509,1965,9,0.48,7.11,3.84,4.37,5.25,1.1,-0.69,2.24,1.39,1.76
196510,1965,10,2.59,6.14,4.37,1.84,5.2,-2.27,0.31,3.23,1.05,4.13
196511,1965,11,1.09,-3.78,1.39,0.71,2.74,-4.31,1.35,3.79,-1,4.08
196512,1965,12,1.27,1.47,3.23,0.18,-1.52,-0.84,1.32,3.84,-0.31,3.29
196601,1966,1,1.92,0.61,2.93,1.04,1.34,-1.3,-4.35,2.74,-3.03,5.21
196602,1966,2,-0.48,-1.48,-0.75,-3.44,5.01,0.48,-1.84,-1.55,-4.17,2.07
196603,1966,3,-2.65,-2.97,-1.76,-2.23,-0.9,-4.84,-2.08,-1.6,-0.14,-2.57
196604,1966,4,0.38,0.16,2.85,3.14,7.62,1.27,3.07,-0.01,1.19,3.03
196605,1966,5,-4.91,-8.37,-5.67,-3.76,-6.07,-2.99,-2.94,-5.27,-2.73,-7.79
196606,1966,6,-1.8,-1.97,-0.96,-2.28,-0.13,0.48,-2.38,0.99,-1.78,0.65
196607,1966,7,-1.18,-2.58,-1.6,0.4,-1.71,-1.16,-1.97,-1.71,-0.18,-1.94
196608,1966,8,-7.17,-7.57,-7.85,-6.36,-5.92,-4.6,-6.39,-8.09,-8.59,-11.86
196609,1966,9,-1.48,-0.97,-3.59,3.94,-1.92,-0.56,-2.01,-1.15,4.36,-1.91
196610,1966,10,4.52,0.38,2.52,8.46,0.27,9.18,-1.36,4.87,9.94,3.02
196611,1966,11,2.31,-3.4,2.79,-1.14,10.87,-2.83,0.7,6.9,-1.36,7.99
196612,1966,12,0.22,-2.63,1.37,-0.66,0.46,2.96,-4.18,-0.18,2.1,2.15
196701,1967,1,9.42,11.8,11.19,3.58,10.23,6.24,11.78,6.45,2.84,11.99
196702,1967,2,2.03,-1.08,1.22,-0.07,6.15,2.13,3.25,1.4,-1.72,-0.32
196703,1967,3,4.45,3.85,5.8,3.61,5.49,2.97,2.34,7.86,1.53,4.42
196704,1967,4,4.6,11.06,3.75,1.67,7.86,0.19,9.24,4.46,1.88,2.15
196705,1967,5,-2.61,-7.28,-3.67,-2.42,-4.39,-5.67,-4.63,-5.28,-4.11,-2.08
196706,1967,6,2.67,1.55,2.11,2.27,6.39,2.73,3.84,5.41,-1.31,3.48
196707,1967,7,6.07,11.1,5.03,6.92,3.99,-6.58,6,3.79,2.33,7.89
196708,1967,8,-0.84,0.18,-0.39,-1.45,-1.01,-1.24,0.51,0.65,-0.65,-0.28
196709,1967,9,3.1,4.97,3.12,4.24,8.38,1.23,2.29,2.9,-0.09,1.3
196710,1967,10,-2.64,-4.9,-4.52,-0.97,4.89,-3.51,0.68,-5.02,-5.36,-5.13
196711,1967,11,0.56,-0.95,0.65,0.76,1.43,0.08,0.85,1.33,3.18,-0.43
196712,1967,12,3.21,0.89,5.22,3.07,2.13,0.13,3.43,1.62,3.28,5.54
196801,1968,1,-0.6,-5.21,-6.4,-0.9,-8.73,2.67,1.13,-6.58,0.2,-1.89
196802,1968,2,-2.66,-2.32,-4.28,-2.66,-4.59,-2.41,-0.84,-4.24,-1.48,-3.48
196803,1968,3,0.75,0.65,0.87,0.75,4.24,-1.12,2.84,0.11,-3.93,-0.28
196804,1968,4,11.1,11.69,10.64,5.68,12.44,2.21,12.22,11.89,2.49,11.98
196805,1968,5,5.02,-0.33,3.18,1.25,3.83,-0.72,3.51,3.35,0.44,6.23
196806,1968,6,1.19,-1.4,-0.2,1.84,-2.01,4.17,0.45,2.23,8.44,3.03
196807,1968,7,-3.91,-2.95,-4.02,5.28,-5.57,-0.2,-5.18,-4.12,0.18,-2.8
196808,1968,8,2.78,1.24,3.34,1.29,0.54,1.28,2.25,0.68,-0.87,2.86
196809,1968,9,4.87,6.66,4.55,3.55,2.94,2.97,7.85,0.84,0.25,9.31
196810,1968,10,0.83,4.65,0.94,2.58,-4.91,3.17,0.73,-0.04,0.49,1.08
196811,1968,11,4.63,-0.09,5.8,5.66,8.61,5.4,5.09,8.11,8.8,7.69
196812,1968,12,-1.02,-4.46,-3.35,-2.53,-5.34,-6.66,-4.12,-1.02,-2.91,-3.7
196901,1969,1,-1.19,-1.77,-0.49,-1.14,-4.68,1.17,-0.99,-0.23,2.43,0.75
196902,1969,2,-6.59,-3.47,-5.71,-4.6,-3.61,-3.33,-4.13,-5.16,-5.21,-8.35
196903,1969,3,0.71,5.11,2.6,7.12,5.45,-0.42,5.06,3.34,-1.29,0.74
196904,1969,4,1.06,1.22,1.33,-0.36,3.96,7.73,3.77,4.98,1.33,1.77
196905,1969,5,1.21,0.14,-0.86,3.76,-1.71,1.08,0.55,1.68,0.03,-1.23
196906,1969,6,-7.31,-5.99,-6.93,-9.89,-0.15,-4,-5.49,-5.04,-5.73,-10.68
196907,1969,7,-6.85,-6.98,-5.43,-9.64,-5.4,-4.5,-8.44,-2.73,-2.97,-9.1
196908,1969,8,4.95,2.74,4.18,6.59,7.01,1.66,8.13,9.3,-1.29,9.03
196909,1969,9,0.32,-0.06,-2.07,-9.63,0.2,-4,-0.67,2.09,-4.14,-0.71
196910,1969,10,8.31,3.86,6.68,-1.03,5.79,3.5,6.72,8.98,8.28,7.99
196911,1969,11,-2.36,-4.43,-3.41,-4.53,-1.78,1.18,-4.16,0.32,-5.27,-5.54
196912,1969,12,-1.94,-3.44,-1.43,-3.01,-0.73,-5.51,-3.01,4.3,-0.64,-3.75
197001,1970,1,-4.24,-8.25,-7.3,-11.45,-9.06,-2.57,-5.88,-7.12,-4.23,-8.83
197002,1970,2,4.68,5.57,5.14,5.38,2.94,7.96,5.23,5.6,8.36,9.5
197003,1970,3,-0.78,4.87,-0.29,-0.45,-2.58,2.29,-1.69,-5.08,2.91,-1.9
197004,1970,4,-10.12,-8.86,-8.97,-9.17,-14.34,-8.79,-11.08,-10.11,-8.05,-13.68
197005,1970,5,-7.45,-6.45,-7.51,2.61,-9.55,-3.75,-9.45,-7.78,-5.36,-8.25
197006,1970,6,-1.47,-4.15,-4.81,-2.47,-11.77,-8.48,-4.02,-0.51,-4.7,-6.83
197007,1970,7,6.68,10.6,5.11,12.76,2.35,10.26,10.38,2.16,8.7,8.04
197008,1970,8,1.45,8.22,4.62,6.54,8,2.51,5.34,1.8,4.67,5.12
197009,1970,9,5.51,2.68,3.97,3.19,10.17,-0.95,7.94,8.03,-0.52,7.61
197010,1970,10,0.7,-2,-3.15,2.96,-3.5,-3.75,-1.68,0.26,-0.82,-5.89
197011,1970,11,4.84,6.96,3.91,4.93,4.05,6.12,6.87,2.96,9.39,3.87
197012,1970,12,7.43,6.16,8.01,2.26,4.4,6.85,5.4,5.37,7.17,8.36
197101,1971,1,4.86,3.87,5.85,0.34,5.39,9.77,8.3,4.94,2.93,7.81
197102,1971,2,3.77,2.24,1.25,4.79,2.8,-5.3,3.64,1.39,-2.59,2.36
197103,1971,3,4.44,3.43,4.09,2.76,8.06,0.71,6.83,3.68,2.41,5.97
197104,1971,4,2.17,8.49,4.26,4.31,2.32,0.82,4.96,4.23,-3.54,4.36
197105,1971,5,-3.02,-4.26,-2.25,-4.74,-6.14,-5.21,-1.78,-2.1,-3.7,-4.42
197106,1971,6,-0.13,-0.66,0.39,1.03,-2.18,1.04,0.35,2.02,4.3,-1.22
197107,1971,7,-2.13,-5.55,-4.88,-2.13,-8.58,-3.61,-3.5,-2.25,-2.13,-3.85
197108,1971,8,3.1,10.56,6.36,-1.2,5.69,-0.32,6.19,3.27,-2.32,7.02
197109,1971,9,-0.07,-0.07,-0.32,-1.64,-1.55,0.23,0.73,0.66,-1.5,-0.42
197110,1971,10,-4.32,-5.2,-6.03,-4.28,-4.35,-1.74,-3.44,-2.5,2.05,-4.2
197111,1971,11,-0.35,0.33,-0.99,0.06,1.77,0.38,0.24,0.58,-1.21,-0.23
197112,1971,12,10.53,6.13,9.86,8.84,11.27,7.36,10.16,7.9,8.1,8.19
197201,1972,1,2.5,3.23,3.22,0.16,8.35,0.94,0.44,2.6,-0.3,3.33
197202,1972,2,4.64,0.84,4.98,2.61,1.89,0.16,5.65,7.13,-2.5,2.25
197203,1972,3,0.09,4.23,2.49,-5.46,1.09,-0.32,1.98,0.46,-0.15,2.34
197204,1972,4,1.92,-0.53,1.97,-0.69,0.76,-1.05,-0.56,1.08,-2.81,1.82
197205,1972,5,0.41,-1,1.9,3.65,3.73,1.19,1.58,3.52,-0.17,-0.63
197206,1972,6,-1.14,-2.88,-2.25,-0.91,-2.53,-2.74,-4.03,2.51,-1.55,-4.53
197207,1972,7,-1.58,-2.13,0.49,-1.07,0.97,0.75,-2.46,3.13,0.04,-2.93
197208,1972,8,-0.11,3.78,2.29,12.38,2.84,5.16,-0.41,1.05,5.96,3.61
197209,1972,9,-2.62,-0.89,-1.22,-0.24,-1.15,4.31,-0.5,-0.44,0.19,-1.72
197210,1972,10,0,-2.44,1.15,3.1,-3.34,2.3,0.88,1.51,6.75,1.14
197211,1972,11,6.88,7.93,4.18,6.19,2.52,7.1,6.02,-0.56,6.4,5.14
197212,1972,12,0.53,1.64,0.93,1.05,1.98,1.45,1.73,3.74,-1.54,-0.72
197301,1973,1,-4.75,-6.7,-3.7,5.03,1.96,-2.12,-4.09,-1.19,-4.28,-7.44
197302,1973,2,-4.36,-5.85,-2.29,-7.35,-3,-4.62,-6.45,-0.71,-1.97,-6.06
197303,1973,3,-1.06,-2.82,-0.22,3.05,-1.2,0.54,-5.64,0.78,-2.15,-0.26
197304,1973,4,-6.19,-5.19,-4.4,-0.98,-6.65,0.88,-8.5,-5.49,-0.6,-7.75
197305,1973,5,-2.12,-4.19,-1.14,-3.53,-2.6,-0.82,-2.21,1.07,0.36,-4.98
197306,1973,6,-3.43,-2.53,-0.35,1.63,-0.05,-0.32,-5.75,0,-2.49,-0.25
197307,1973,7,7.44,7.27,6.64,0.3,4.95,-0.32,11.16,6.87,-2.39,9.56
197308,1973,8,-3.33,-3.95,-1.47,-3.79,-3.69,-3.91,-4.16,-6.89,-2.1,-2.3
197309,1973,9,5.9,7.81,4.56,9.21,-2.84,7.65,7.2,0.78,7.9,7.23
197310,1973,10,-2.25,-4.34,0.44,5.17,3.91,-5.54,-3.66,1.83,-3.39,-1.02
197311,1973,11,-14.31,-16.1,-14.25,-6.19,-11.43,-1.9,-18.92,-7.75,-11.6,-13.45
197312,1973,12,-1.55,-3.76,1.28,8.67,-4.32,4.55,-0.22,-4.47,3.42,2.49
197401,1974,1,2.43,6.09,0.41,-7.46,1.24,2,6.71,-2.56,4.55,1.14
197402,1974,2,0.07,-1.08,0.01,-1.55,-0.6,4.75,0.8,-1.23,0.29,1.02
197403,1974,3,-1.89,-0.09,-0.76,-3.24,-2.71,-4.59,-3.12,1.22,-3.64,-3.63
197404,1974,4,-3.69,-4.09,-2.04,-6.31,-3.63,-5.31,-1.97,-1.48,-12.19,-6.37
197405,1974,5,-2.88,0.42,-2.53,-7.47,-4.2,-1.52,1.21,-0.11,-4.9,-8.44
197406,1974,6,-0.56,-2.63,-0.41,-0.3,-2.94,0.3,-2.72,-1.61,-6.18,-5.5
197407,1974,7,-10.15,-11.86,-7.16,-0.52,-8.22,-7.63,-12.81,-14.15,0.77,-6.61
197408,1974,8,-10.16,-6.62,-10.13,-8.56,-4.9,-0.01,-13.05,-8.04,-8.62,-10.62
197409,1974,9,-12.18,-12.92,-12.85,-7.95,-16.9,-3.8,-12.28,-15.56,-1.31,-9.62
197410,1974,10,15.66,4.48,16.04,20.78,14.72,10.85,10.01,29.58,13.01,20.19
197411,1974,11,-3.85,-4.69,-5.92,-4.24,-4.94,-3.09,-5.74,-1.22,-0.13,-2.77
197412,1974,12,-0.56,-4.08,-4.45,0.83,-5.25,1.57,-3.36,-3.32,-0.81,-4.35
197501,1975,1,18.71,21.5,14.51,6.77,15.3,11.09,25.92,-0.74,18.8,17.89
197502,1975,2,4.04,4.93,8,2.26,13.14,5.16,5.16,16.04,0.9,2.87
197503,1975,3,7.14,6.62,5.06,-2.32,0.99,-0.86,10.76,1.29,-1.32,4.15
197504,1975,4,3.01,4.12,9.56,7.25,5.57,-0.96,2.59,0.65,-1.61,3.27
197505,1975,5,5.22,2.57,2.78,12.35,5.92,3.52,4,6.52,8.52,5.72
197506,1975,6,5.25,10.23,3.56,6.25,2.29,4.04,7.45,0.95,10.71,5.95
197507,1975,7,-5.38,-2.03,-5.91,-4.24,-9.42,-4.21,-7.46,-12.03,-4.78,-6.14
197508,1975,8,-3.14,-3.47,-0.8,-0.89,-2.97,-3.56,-0.39,-3.32,-1.24,-5.14
197509,1975,9,-2.44,-2.46,-5.8,-1.16,-0.85,-1.26,-3.49,-6.53,-0.99,-6.31
197510,1975,10,10.59,8.82,5.67,-1.33,8.4,6.82,9.92,10.68,6.58,3.91
197511,1975,11,4.09,3.35,3.01,-1.64,5.03,4.26,4.66,5.13,3.15,3.58
197512,1975,12,-1.51,-0.44,-1.32,0.09,-1.25,-0.11,-3.04,-6.36,1.34,-0.26
197601,1976,1,10.92,15.62,16.85,8.46,18.26,9.49,8.98,7.73,8.3,12.95
197602,1976,2,-1.07,3.88,1.73,-3.11,1.16,3.57,4.68,-6.53,-3.52,3.13
197603,1976,3,0.73,3.53,1.14,7.22,2.93,0.58,3.46,6.53,1.44,1.98
197604,1976,4,-1.67,1.84,-1.42,2.15,-3.41,1.72,-4.67,-4.3,0.63,-1.55
197605,1976,5,-2.15,-3.11,-1.23,5.51,0.49,-2.94,-5.77,-2.81,-1.46,-1.71
197606,1976,6,3.62,4.22,3.7,5.09,8.2,3.58,1.52,3.67,4.25,5.4
197607,1976,7,1.48,-1.06,-1.85,-0.62,-2.2,1.25,-2.33,-0.38,2.82,-0.05
197608,1976,8,-0.31,-1.44,-1.68,-0.86,-0.83,4.74,2.89,2.17,2.96,-1.14
197609,1976,9,1.55,4.49,1.08,5.91,2.9,1.59,0.43,3.62,4.08,0.9
197610,1976,10,-1.62,-1.15,-3.27,-2.42,-4.5,1.29,-0.89,-3.74,-0.81,-0.43
197611,1976,11,1.74,-0.71,-0.38,0.82,1.64,3.14,4.84,-9.71,3.14,2.08
197612,1976,12,5.22,9.67,5.85,6.33,3.85,3.44,2.33,6.26,6.49,8.41
197701,1977,1,-4.09,-4.2,-6.01,0.29,-3.87,0.11,-7.15,-8.84,0.84,-4.18
197702,1977,2,-1.39,-3.49,-0.63,-3.01,-0.63,0.99,-1.83,-0.21,-3.4,-1.72
197703,1977,3,-1.39,-3.34,-0.34,-2.08,-0.03,-1.03,-2.76,-1.79,0.19,-0.09
197704,1977,4,0.53,3.16,0.58,2.53,-3.46,0.66,-3.43,-5.21,1.94,2.14
197705,1977,5,-0.94,-0.49,-2.96,-0.41,-1.49,1.44,-2.76,-1.88,1.68,-0.86
197706,1977,6,4.53,4.29,3.4,6.09,7.77,1.93,6.06,9.03,5.7,5.3
197707,1977,7,1.22,-2.44,-3.62,-1.8,-0.16,-0.86,-0.18,-2.24,0.87,-0.39
197708,1977,8,0.11,-0.85,-1.26,-5.77,0.5,-2.26,4.62,3.83,-3.23,-1.22
197709,1977,9,0.25,1.55,-0.98,0.73,-1.78,3.48,-0.71,-0.89,2.01,-0.07
197710,1977,10,-3.35,-4.46,-4.58,-3.55,-3.22,-5.05,-3.17,-1.75,-3.14,-4.45
197711,1977,11,4.59,1.95,4.33,3.45,5.25,2.18,5.58,6.08,4.28,6.5
197712,1977,12,0,-0.75,0.73,1.89,2.39,2.15,-1.25,0.62,-0.33,0.61
197801,1978,1,-5.3,-6.86,-6.05,-6.93,-4.75,-4.16,-6.84,-1.92,-4.53,-5.32
197802,1978,2,0.12,0.39,-2.62,-1.08,-3.45,4.13,-0.43,-3,-0.41,-0.15
197803,1978,3,4.17,6.09,3.9,2.06,-0.61,2.62,2.86,4.17,2.47,5.45
197804,1978,4,6.92,9.62,11.46,6.71,13.3,2.93,10.84,9.25,0.18,9.37
197805,1978,5,4.22,0.2,4.12,0.89,1.67,-0.39,1.25,5.17,0.71,2.61
197806,1978,6,-0.26,-2.81,-1.47,-3.74,-0.35,-1.53,-1.97,1.14,0.84,-0.33
197807,1978,7,3.53,4.71,7.84,3.34,8.58,1.42,5.14,8.86,2.83,6.61
197808,1978,8,4.14,2.98,3.94,5.09,6.01,3.55,5.71,0.99,0.46,6.37
197809,1978,9,-0.38,-0.5,-2.1,4.77,-4.15,1.22,-2.66,-2.75,-0.24,-1.27
197810,1978,10,-11.58,-11.17,-11.33,-10.61,-10.83,-4.47,-14.14,-12.84,-7.07,-14.09
197811,1978,11,2.14,0.73,2.86,6.17,5.09,2.99,2.59,5.19,3,2.52
197812,1978,12,1.7,-0.61,1.44,2.81,6.42,0.09,-0.6,3.41,-1.23,1.29
197901,1979,1,4.2,5.08,6.53,3.12,4.3,3.66,5.75,1.42,6.36,6.09
197902,1979,2,-3.51,-3.59,-4.49,0.63,-3.32,-0.63,-4.42,-4.52,-1.63,-3.25
197903,1979,3,4.13,6.61,7.35,9.36,7.61,0.16,6.15,5.04,2.33,8.17
197904,1979,4,0.2,2.95,-0.46,4.33,0.32,-2.15,0.87,0.43,-2.74,1.51
197905,1979,5,-1.77,-0.71,-2.29,-2.43,-1.96,0.1,-2.43,-2.64,1.43,-0.31
197906,1979,6,3.31,3.01,3.5,9.26,0.5,1.92,2.86,4.83,4.97,7.03
197907,1979,7,2.03,2.06,2.03,1.58,-1.51,-0.11,1.18,0.15,2.08,3.32
197908,1979,8,7.55,4.7,7.72,7.89,5.93,1.53,8.89,8.56,2.04,5.82
197909,1979,9,-1.87,0.42,-0.72,5.92,-1.75,-2.39,-0.76,-0.55,-2.17,-0.69
197910,1979,10,-7.66,-9.4,-8.84,-2.55,-7.73,-5.05,-8.9,-4.34,-5.8,-10.17
197911,1979,11,5.14,-2.2,4.73,8.9,8.16,4.02,3.84,8.77,7.74,7.03
197912,1979,12,3.38,3.37,4.46,2.48,1.8,-1.53,3.07,2.08,-0.99,4.19
198001,1980,1,3.12,9.09,7.07,14.22,7.36,-2.06,1.31,-1.29,1.56,5.54
198002,1980,2,-4.85,-6.3,-2.5,12.94,-3.55,-1.48,-4.85,-4.63,-3.39,-3.39
198003,1980,3,-8.13,-8.79,-11.76,-17.89,-12.66,-2.62,-8.64,-2.82,-6.59,-12.27
198004,1980,4,6.49,-1.77,3.21,6.86,0.72,7.32,3.36,4.29,12,6.06
198005,1980,5,7.94,4.33,6.23,4.09,4.82,5,10.73,6.96,4.59,8.12
198006,1980,6,2.99,2.79,2.34,5.83,3.03,-0.58,2.41,0.22,4.54,5.1
198007,1980,7,7.76,11.74,10.84,2.01,15.48,1,10.83,8.88,-0.1,6.9
198008,1980,8,1.43,1.49,1.58,3.66,3.66,6.3,1.86,0.27,-1.17,2.73
198009,1980,9,0.27,0.98,2.85,6.52,1.99,-1.61,1.28,3.62,0.15,3.81
198010,1980,10,0.29,-1.72,0.43,7.74,1.97,-3.25,-1.15,-1.24,1.94,1.64
198011,1980,11,0.91,4.92,8.4,24.29,9.84,0,2.6,8.86,7.38,7.71
198012,1980,12,1.01,-1.09,-2.07,-10.59,-1.17,0.83,-1.37,4.59,-1.95,0.02
198101,1981,1,2.01,-2.24,-1.96,-10.15,-8.09,5.54,0.47,-1.61,-2.57,-3.23
198102,1981,2,2.48,6.44,4.36,-0.44,0.47,2.15,2.7,1.85,-1.27,1.71
198103,1981,3,6.92,6.99,5.97,-2.26,4.99,1.17,12.72,5.9,2.98,8.42
198104,1981,4,1.16,1.88,-0.94,-7.54,0.17,6.21,3.1,3.03,-2.68,0.87
198105,1981,5,2.66,2.86,-0.37,-3.87,4.23,7.14,2.82,3.44,1.82,2.84
198106,1981,6,-0.21,-4.28,-1.31,4.7,-6.72,-1.92,-1.42,-5.58,3.44,-1.38
198107,1981,7,-0.64,-2.91,-2.87,7.93,-3.79,0.37,-3.4,-3.9,2.8,-2.71
198108,1981,8,-5.07,-7.9,-6.89,-6.28,-7.3,-0.81,-5.6,-7.73,-0.83,-5.52
198109,1981,9,-2.18,-2.97,-7.15,-12.28,-3.9,2.84,-3.64,-1.28,-5.53,-5.44
198110,1981,10,7.41,-4.15,3.68,9.92,5.21,6.02,6.77,7.95,4.88,7.16
198111,1981,11,2.65,4.85,4.52,6.9,1.5,2.7,1.07,3.92,5.92,5.05
198112,1981,12,-1.81,0.48,-1.66,-6.54,-0.03,-1.45,-1.94,-0.73,-2.33,-3.79
198201,1982,1,-0.92,1.17,-3.31,-8.46,2.73,0.68,0.12,1.43,-0.67,-3.23
198202,1982,2,-1.97,-2.04,-5.62,-11.09,-5.3,-5.68,-1.36,-1.8,-0.36,-3.89
198203,1982,3,2.45,3.49,-1.78,-3.65,-3.59,2.05,4.22,-2.55,1.66,-1.31
198204,1982,4,6.67,4.44,3.24,4.34,7.44,-0.18,5.41,7.39,3.84,3.71
198205,1982,5,-3.26,-1.93,-4.71,2.31,-5.41,-1.02,-2.72,-3.03,-0.52,-5.47
198206,1982,6,1.67,2.65,-2.58,-6.25,-2.38,-2.45,2.67,-0.75,-2.21,-2.42
198207,1982,7,-0.46,-0.33,-2.32,-7.91,1.52,1.2,0.21,0.79,-2.57,-3.03
198208,1982,8,9.17,13.74,13.97,9.69,12.79,10.84,12.58,12.37,12,11.36
198209,1982,9,5.25,-0.73,-1.08,1.77,1.17,0.99,4.75,1.36,1.06,4.18
198210,1982,10,10.58,16.55,13.06,5.58,16.98,8.12,16.87,8.2,4.73,15.74
198211,1982,11,5.17,8.24,5.79,-4.4,10.68,5.95,11.18,5.2,0.16,7.64
198212,1982,12,0.97,3.03,0.73,5.54,2.65,-1.23,-2.09,0.58,4.32,-1.34
198301,1983,1,-1.01,5.17,5.02,3.62,8.38,12.44,1.29,1.42,3.67,2.8
198302,1983,2,3.8,3.63,4.1,-0.59,3.59,-0.36,7.9,2.84,1.59,4.56
198303,1983,3,7.47,-1.14,2.1,5.97,0.67,0.64,8.51,4.52,0.27,4.96
198304,1983,4,6.19,10.88,6.33,9.38,7.49,5.14,8.57,5.05,4.76,8.31
198305,1983,5,-0.95,-2.07,1.99,1.35,2.82,-1.31,0.48,-2.73,2.6,2.43
198306,1983,6,3,10.41,1.59,6.41,6.13,0.17,6.11,6.91,-0.54,1.68
198307,1983,7,-2.65,-3.9,-2.58,-2.26,-5.36,-5.17,-3.27,-5.68,1.03,-3.66
198308,1983,8,0.71,-2.38,0.62,6.83,-1.1,2.2,-4.73,-1.01,1.52,-0.91
198309,1983,9,4.66,4.39,2.26,-4.63,2.15,2.26,2.18,1.3,4.66,1.58
198310,1983,10,-0.21,0.04,-2.29,-2.05,-6.94,-5.2,-1.76,-2.18,3.07,-4.06
198311,1983,11,2.3,4.23,6.46,-0.43,2.34,3.17,4.46,-3.01,-1.61,4.71
198312,1983,12,-0.48,0.92,-1.12,2.1,0.36,-1.54,-4.71,-3.58,-3.69,-0.87
198401,1984,1,-0.7,-5.38,-3.5,10.11,-6.2,4.09,-5.88,-0.62,1.45,-1.64
198402,1984,2,-5.72,-6.09,-6.6,3.87,-5.93,-3.68,-4.45,-2.02,-3.33,-4.92
198403,1984,3,1.62,0.35,3.29,0.26,1.79,-4.24,1.21,-0.67,-0.29,2.44
198404,1984,4,0.57,1.32,-0.13,3.98,-0.43,2.18,0.31,2.32,-0.48,-2.04
198405,1984,5,-2.41,-5.77,-5.78,-5.04,-5.56,-3.5,-5.16,-6.45,-0.8,-6.87
198406,1984,6,6.33,2.11,3.19,-2.18,1.76,12.28,7.42,3.86,0.45,2.22
198407,1984,7,-1.61,2.53,-1.47,-7.46,-2.45,2.81,0.12,-3.76,-0.01,-1.82
198408,1984,8,8.71,10.01,11.89,13.97,13.95,6.72,9.87,10.43,7.76,11.18
198409,1984,9,1.26,-0.2,-2.55,2.24,-3.99,2.9,0.09,-4.42,4.82,2.19
198410,1984,10,1.38,2.15,0.57,-4.47,-0.5,-0.81,-0.74,1.65,3.34,0.73
198411,1984,11,0.38,-3.02,-1.34,-1.02,-3.83,-0.24,-2.92,-0.08,3.06,-0.3
198412,1984,12,2.5,4.61,2.15,-0.54,2.54,5.1,0.77,2.74,2.63,3.73
198501,1985,1,4.9,9.84,8.47,6.54,12.6,5.85,13.19,8.31,2.39,9.82
198502,1985,2,5.08,-1.57,1.34,3.87,-1.33,2.69,2.1,3.59,1.38,2.13
198503,1985,3,4.63,-5.26,-2.78,1.45,-6.02,5.47,-0.61,3.07,6.1,-0.16
198504,1985,4,-2.12,-3.45,-1.49,3.81,-3.64,0.9,0.09,-1.76,1.61,1.42
198505,1985,5,8,5.93,6.09,0.75,2.83,6.63,9.62,9.45,5.45,6.33
198506,1985,6,2.76,1.5,1.5,-0.76,-0.71,4.09,1.61,2.29,3.63,2.97
198507,1985,7,-2.62,2.39,3.41,-0.59,4.41,-4.55,-3.98,-0.47,-4.7,-0.18
198508,1985,8,0.74,-2.64,-1.14,1.55,-2.54,0.54,-0.61,-0.82,1.91,-0.49
198509,1985,9,-0.64,-3.28,-3.98,-1.3,-4.73,-4.18,-4.34,-3.92,-5.35,-4.96
198510,1985,10,3.6,0.85,3.28,5.95,3.02,4.08,6.86,3.18,6.32,6.4
198511,1985,11,8.56,9.94,7.94,0.34,8.64,7.42,7.99,9.74,4.24,7.43
198512,1985,12,5.45,7.18,4.51,-2.75,8.27,6.15,4.55,3.52,4.85,4.49
198601,1986,1,1.79,2.15,1.61,-6.76,-0.29,-3.97,1.64,1.06,3.78,3.56
198602,1986,2,10.82,10.9,10.22,0.8,4.97,7.4,7.81,6.13,6.57,8.38
198603,1986,3,8.11,7.86,6.02,0.95,-0.08,3.85,8.57,12.05,3.96,5.77
198604,1986,4,0.42,-3.51,-1.74,0.76,3.93,2.44,0.4,0.7,-3.97,-2.62
198605,1986,5,8.88,3.15,4.4,7.33,0.95,4.85,9.85,7.29,3.63,4.66
198606,1986,6,6.3,-1.29,-0.03,-2.05,-3.98,5.38,3.84,5.64,5.04,1.5
198607,1986,7,-5.74,-9.09,-7.51,-5.11,-8.34,-3,-9.54,-5.35,5.15,-6.45
198608,1986,8,2.58,7.49,6.45,16.64,6.99,6.83,1.67,4,7.9,6.84
198609,1986,9,-10.84,-8.15,-6.54,-0.88,-7.09,-9.42,-8.44,-12.59,-9.09,-8.87
198610,1986,10,8.9,6.47,6.54,1.91,0.58,4.63,7.36,7.99,5.25,4.22
198611,1986,11,0.72,4.85,2.49,3.23,3.55,3.98,1.76,1.35,0.55,-0.68
198612,1986,12,-3.22,-2.22,-1.97,-0.45,-3.67,-3.7,-6.25,-1.23,-3.29,-2.53
198701,1987,1,14.56,18.71,14.45,14.16,16.53,5.3,11.8,13.16,9.3,11.1
198702,1987,2,5.61,3.46,4.82,-1.72,9.43,0.03,9.8,11.26,-2.14,4.68
198703,1987,3,1.14,4.65,3.48,11.82,2.62,1.4,1.7,0.15,-1.67,-0.33
198704,1987,4,-3.68,4.04,-1.62,0.12,4.39,-2.45,-2.7,-2.45,-4.33,-4.11
198705,1987,5,2.64,-1.49,0.34,3.06,0.3,3.34,-0.06,1.25,-1.84,-0.03
198706,1987,6,6.78,2.88,5.18,6,-0.03,7.04,6.26,4.78,3.4,4.64
198707,1987,7,5.73,6.98,7.1,3.19,1,5.84,5.74,5.78,-1.67,3.59
198708,1987,8,3.68,5.69,2.85,1.92,7.45,5.15,3.34,2.21,3.7,4.33
198709,1987,9,-2.82,-3.97,0.29,-3.86,-2.69,3.3,-6.38,-2.57,-2.31,-1.8
198710,1987,10,-21.02,-26.92,-27.34,-18.45,-25.92,-12.26,-28.07,-20.45,-6.92,-23.68
198711,1987,11,-8.03,-8.51,-5.17,-10.56,-9.83,-8.89,-8.46,-9.3,-2.51,-6.6
198712,1987,12,7.57,8.6,10.86,6.76,11.93,3.92,8.54,5.36,0.55,5.39
198801,1988,1,3.02,4.43,0.28,8.42,-2.49,9.98,5.61,6.37,9.77,6.33
198802,1988,2,6.04,6.28,7.73,3.58,7.45,1.24,10.26,4.19,-1.42,4.32
198803,1988,3,-1.53,-4.2,-1.34,2.62,-4.68,-3.97,-1.13,-2.56,-3.18,-1.34
198804,1988,4,-0.15,2.93,1.61,4.62,2.62,0.72,1.6,-2,-0.29,-0.36
198805,1988,5,-0.29,1.24,-0.42,-0.42,-1.33,2.34,-1.41,-0.25,3.58,0.94
198806,1988,6,3.4,8.27,7.59,-2.08,9.45,2.89,6.56,2.67,3.22,6.03
198807,1988,7,1.67,-0.84,-2.34,3.59,-5.11,0.16,-0.83,0.55,-0.22,-0.61
198808,1988,8,-0.15,-6.66,-4.43,-1.48,-8.2,-2.9,-2.61,-1.06,-0.12,-0.88
198809,1988,9,6.54,3.91,3.43,-2.48,2.84,7.06,8.29,3.8,2.67,4.13
198810,1988,10,8.07,3.35,0.74,1.89,-0.02,2.96,1.6,1.2,2.52,0.01
198811,1988,11,-1.16,-0.96,-2.17,-0.3,-3.15,0.05,-2.77,-2.15,-0.48,-2.17
198812,1988,12,3.52,0.3,3.13,1.84,4.88,1.25,1.58,1.81,1.04,0.91
198901,1989,1,5.65,7.6,7.5,6.26,7.12,8.34,6.27,6.79,2.74,6.84
198902,1989,2,-1.44,-2.96,-2.1,-1.29,-3.76,-1.37,-1.85,-1.16,-1.82,-0.48
198903,1989,3,5.52,-1.35,1.19,3.89,-5.5,5.21,2.76,4.93,0.54,3.54
198904,1989,4,5.67,0.49,5.38,2.49,5.17,9.68,5.54,5.42,3.94,4.61
198905,1989,5,5.32,2.31,3.62,2.67,2.47,5.88,5.34,3.41,5.37,4.24
198906,1989,6,1.5,1.3,-2.68,-1.01,-3.29,0.19,-2.16,-2.75,3.38,0.79
198907,1989,7,11.97,5.23,7.62,3.78,2.96,9.09,9.16,13.9,5.8,8.16
198908,1989,8,-1.97,5.17,4.38,3.52,2.52,0.8,2.58,0.39,-0.8,3.22
198909,1989,9,-0.58,-4.5,-2.59,1.35,-2.68,4.03,-2.33,2.42,0.48,1.39
198910,1989,10,-2.45,-5.71,-4.38,0.75,-4.43,-1.96,-4.04,0.38,1,-4.87
198911,1989,11,1.68,-1.09,3.07,3.98,-1.79,2.11,1.25,4.57,3.23,-0.08
198912,1989,12,1.38,-1.45,2.98,6.01,-1.12,5.84,1.18,1.04,4.79,-1.6
199001,1990,1,-9.47,-3.87,-6.34,-4.29,-1.29,-13.03,-6.38,-7.31,-5.34,-9
199002,1990,2,-0.54,5.04,2.55,3.11,4.11,-0.26,1.91,-2.08,0.21,2.51
199003,1990,3,4.64,2.88,3.9,-0.57,4.46,4.25,5.13,3.84,-0.75,-0.38
199004,1990,4,-0.18,-4.06,-2.76,-3.56,-2.02,-3.27,-2.06,0.3,-5.5,-3.42
199005,1990,5,9.07,7.72,8.08,6.02,12.58,9.2,11.58,12.8,5.43,9.17
199006,1990,6,2.08,-2.19,-0.59,-2.04,-1.17,-4.73,1.54,4.42,0.75,-1.72
199007,1990,7,-0.81,-3.43,0.17,8.28,-7.35,-4.41,-4.11,2.58,0.89,-3.57
199008,1990,8,-7.36,-14.27,-12.06,-1.28,-12,-10.43,-12.07,-6.78,-6.62,-11.32
199009,1990,9,-4.07,-10.57,-8,-1.61,-6.64,1.81,-8.73,-4.37,0.48,-10.07
199010,1990,10,2.5,-3.25,-1.84,-4.02,-3.4,3.01,-3.04,1.41,7.23,-6.43
199011,1990,11,6.56,4.13,7.38,1.63,11.27,2.11,10.42,9.49,2.29,10.65
199012,1990,12,4.39,-0.42,4.88,-2.02,4.12,1.5,3.36,2.79,0.78,5.5
199101,1991,1,5.12,7.32,6.37,-2.05,15.02,0.02,9.3,4.55,-1.37,7.47
199102,1991,2,10.3,10.24,5.87,8.55,6.61,3.25,8.33,9.9,4.84,9.74
199103,1991,3,4.8,1.18,1.37,1.3,1.3,2.14,8.61,5.44,1.71,3.07
199104,1991,4,-1,-2.29,0.54,2.46,-2.88,1.13,1.99,-1.14,-0.04,1.34
199105,1991,5,3.6,14.75,7.55,-1.4,3.52,-1.47,7.72,4.7,0.15,4.99
199106,1991,6,-4.94,-4.47,-4.27,-3.64,-8.78,-1.5,-4.29,-4.21,-2.37,-5.24
199107,1991,7,5.76,-0.44,3.12,5.03,4.66,3.11,5.31,8.51,3.99,4.73
199108,1991,8,5.47,-2.16,1.86,1.62,2.84,0.67,3.6,2.94,3.51,3.19
199109,1991,9,-3.24,-2.66,-2.33,-0.68,-1.34,0.37,-3.18,-0.33,3.71,-0.65
199110,1991,10,-0.55,-2.01,1.46,2.05,2,1.9,-1.95,6.53,1.25,2.27
199111,1991,11,-0.42,-7.99,-5.55,-7.69,-4.39,-4.75,-1.17,-2.52,1.89,-5.41
199112,1991,12,14.73,7.61,11.57,2.11,9.16,9.92,13.03,16.61,4.99,12.75
199201,1992,1,-3.1,10.5,2.32,-4.12,6.7,-2.87,0.27,-5.45,-4.57,2
199202,1992,2,1.05,12.32,2.19,-0.53,3.86,-1.45,2.63,-2.73,-1.24,3.08
199203,1992,3,-1.51,0.8,-1.16,-2.75,-5.18,-0.83,-1.38,-5.53,-0.53,-2.16
199204,1992,4,0.75,7.92,3.04,9.45,-1.03,7.04,-3.5,-2.3,2.69,0.58
199205,1992,5,1.31,-1.92,-0.62,3.18,0.02,-2.46,0.24,1.11,2.54,1.48
199206,1992,6,-2.8,2.18,-3.25,-3.5,-4.16,1.32,-1.89,-4.78,0.54,-0.05
199207,1992,7,4.67,0.28,2.93,5.31,2.96,5.44,3.79,5.8,6.72,3.11
199208,1992,8,0.87,-9.6,-3.52,2.59,-4.52,-0.97,-0.54,-3.36,-0.47,-3.47
199209,1992,9,1.06,0.09,1.79,0.13,3.4,1.91,4.1,-4.98,0.83,3.43
199210,1992,10,-0.82,-0.01,0.94,-3.47,2.12,-0.54,4.38,3.34,-0.43,2.97
199211,1992,11,3.62,8.56,3.93,-2.69,6.37,3.88,7.09,4.84,-0.23,6.12
199212,1992,12,0.05,3.36,1.4,1.92,0.01,5.65,0.65,-1.35,2.7,3.82
199301,1993,1,-0.8,9.59,0.13,2.77,4.86,1.33,0.07,-6.86,2.45,3.37
199302,1993,2,-2.14,-0.29,1.73,5.99,-0.33,5.71,-1.47,-9,6.22,0.37
199303,1993,3,0,5.4,2.18,4.11,2.23,3.27,2.77,0.73,1.76,3.79
199304,1993,4,-9.32,2.43,0.04,1.14,-3.75,-2.87,-8.14,1.29,-0.15,-3.27
199305,1993,5,2.67,1.08,2.34,1.77,8.81,4.16,5.92,3.59,-0.04,1.64
199306,1993,6,-0.69,3.45,-0.26,-1.16,-0.41,4.64,-2.86,-2.96,3.18,2.29
199307,1993,7,-2.36,1.51,-0.09,0.48,-3.87,2.14,0.73,-5.99,1.94,2.06
199308,1993,8,4.29,0.46,3.46,4.23,6.45,5.24,3.93,3.02,3.69,3.46
199309,1993,9,-1.83,1.01,-1.89,1.36,1.32,-0.49,-0.35,0.86,-0.64,1.79
199310,1993,10,6.06,7.7,3.09,-1.95,1.62,2.41,4.77,5.92,-1.96,-2.36
199311,1993,11,0.68,0.68,1.33,-5.97,-0.05,-5.95,0.58,0.97,-5.52,-2.83
199312,1993,12,1.47,4.44,3.75,0.61,2.97,-0.53,-1.86,2.33,1.61,2.53
199401,1994,1,-0.42,7.16,4.86,4.89,4.69,2.16,1.11,1.81,-1.21,4.37
199402,1994,2,-1.27,-4.43,-0.66,-2.94,1.63,-5.5,1.88,-5.6,-4.97,-3.87
199403,1994,3,-4.02,-6.47,-4.44,-3.59,-3.91,-3.61,-4.85,-6.74,-3.92,-4.23
199404,1994,4,1.23,-0.59,0.07,4.2,-1.6,1.57,0.23,2.27,2.13,1.35
199405,1994,5,-1.35,-2.65,2.03,0.92,2,1.63,-1.83,4.28,-5.35,3.04
199406,1994,6,-1.89,-3.42,-2.6,-2.7,-5.24,0.62,-2.63,-3.43,-3.12,-2.56
199407,1994,7,2.95,3.56,4.59,3.24,3.84,3.1,0.97,1.1,5.16,2.7
199408,1994,8,6.08,-0.09,4.72,-0.1,9.3,1.08,4.47,10.85,0.66,3.51
199409,1994,9,-0.33,-5.08,-1.67,-2.1,-0.42,-1.23,-2.34,1.72,-2.77,-4.25
199410,1994,10,2.19,-1.74,0.6,7.4,7.29,-0.12,1.31,0.88,1.57,0.05
199411,1994,11,-1.67,-5.06,-5.45,-4.85,-2.11,-5.44,-3.42,0.44,0.27,-5.17
199412,1994,12,1.33,3.88,4.01,-1.01,2.45,0.88,-2.77,0.57,0.35,1.41
199501,1995,1,1.81,-5.77,-0.4,0.37,-0.81,4.16,1.56,6.18,6.21,4.71
199502,1995,2,2.98,5.13,5.6,4.48,6.75,1.51,2.67,2.26,0.82,4.85
199503,1995,3,2.75,1.43,3.49,5.28,4.55,0.25,3.62,2.8,-1.75,1.9
199504,1995,4,1.9,1.45,2.94,2.24,8.26,1.62,-1.71,3,2.38,1.77
199505,1995,5,4.78,4.78,3.18,4.09,3.03,0.93,2.65,1.63,6.02,4.49
199506,1995,6,1.68,0.75,2.11,-3.08,9.89,3.89,4.93,4.5,-0.45,2.21
199507,1995,7,1.16,2.64,3.57,2.3,7.9,5.04,3.58,5.52,-0.37,4.76
199508,1995,8,0.65,0.76,-0.21,-1.58,-0.06,4.4,-2.72,1.04,0.99,3.73
199509,1995,9,6.74,-0.52,2.15,1.3,1.38,5.77,2.87,7.37,6.27,4.5
199510,1995,10,0.56,-4.79,-2.64,-0.28,1.39,0.15,-5.49,1.04,1.48,-2.04
199511,1995,11,4.52,5.42,6.46,4.77,-0.65,2.8,6.16,4.99,1.58,6.12
199512,1995,12,1.52,3.16,1.42,5.81,-4.32,4.13,-0.83,5.92,5.09,1.06
199601,1996,1,2.62,3.51,3.29,-0.41,1.84,2.31,-0.3,6.02,1.86,3.54
199602,1996,2,3.22,2,0.94,1.04,6.45,-2.5,4.41,-1.1,-2.65,2.15
199603,1996,3,-0.84,4.33,3.42,5.01,-3.41,-2.01,5.99,0.24,-0.51,1.8
199604,1996,4,0.15,3.53,1.71,3.44,10.09,2.86,4.26,-0.61,-2.66,0.25
199605,1996,5,6.55,2.24,2.3,0.45,3.95,-0.02,4.4,3.89,1.32,1.51
199606,1996,6,3.18,-4.93,-0.44,0.97,-4.94,0.55,-1.71,-0.24,5.25,-0.25
199607,1996,7,-4.07,-4.5,-4,-4.64,-7.42,-8.49,-7.56,-6.28,-5.81,-4.26
199608,1996,8,-0.8,3.07,3.25,2.94,4.39,-1.33,5.94,4.32,2.89,3.9
199609,1996,9,3.73,1.26,6.07,4.04,10.64,1.77,3.66,7.36,0.68,5.15
199610,1996,10,1.58,3.74,1.6,5.97,-1.92,-0.46,-2.24,-0.85,3.6,3.95
199611,1996,11,5.13,5.87,6.06,5.53,11.91,5.49,3.18,6.61,2.61,7.48
199612,1996,12,0.5,-2.41,-0.4,0.8,-2.7,2.9,-3.52,-2.59,0.13,-1.83
199701,1997,1,5.74,2.84,4.19,4.38,9.35,2.33,0.15,9.54,0.92,6.05
199702,1997,2,4.13,0.56,0.7,-5.74,-7.4,2.57,3,0.93,-0.57,2.6
199703,1997,3,-5.23,-3.23,-3.65,5.27,-5.67,-7.85,-1.33,-7.48,-2.78,-5.83
199704,1997,4,5.31,3.9,5.4,0.05,7.65,2.57,2.27,6.11,-1.39,5.07
199705,1997,5,5.93,6.27,7.82,7.32,10.19,6.56,5.95,6.99,3.79,6.14
199706,1997,6,3.57,3.47,5.2,1.31,1.43,3.46,5.07,8.88,3.06,5.25
199707,1997,7,3.34,7.42,7.21,7.45,15.98,2.46,7.82,2.1,2.81,9.28
199708,1997,8,-6.39,1.28,-5.52,0.32,-1.37,-2.74,-2.55,-6.11,-1.16,-4.78
199709,1997,9,5.53,5.31,3.35,6.3,3.46,9.7,5.22,6.62,4.64,8.04
199710,1997,10,-3.14,-3.28,-5.88,-2.01,-8.29,2.89,-2.12,0.1,0.93,-2.76
199711,1997,11,6.5,-1.59,4.23,-3.57,1.45,10.69,5.43,2.82,7.14,2.97
199712,1997,12,3.77,3.97,-0.15,-1.45,-4.22,4.22,-0.25,3.53,7.94,5.14
199801,1998,1,-2.74,0.5,0.7,-5.75,5.28,5.04,0.9,5.68,-4.4,-1.93
199802,1998,2,4.96,12.27,7.14,6.84,10.35,2.41,10.36,5.51,2.63,8.25
199803,1998,3,5.9,6.15,4.83,4.78,1.32,10.11,6.54,3.57,6.75,5.96
199804,1998,4,-3.24,0.92,1.23,3.78,5.15,-3.2,-0.52,1.91,-2.52,1.96
199805,1998,5,1.1,7.07,-2.46,-4.24,-7.01,-1.79,2.18,-2.5,-0.88,-3.07
199806,1998,6,4.18,1.67,-0.6,-1.36,8.74,3.02,4.97,6.17,2.81,3.22
199807,1998,7,-4.14,-1.24,-5.69,-6.73,0.45,3.93,-2.96,-0.26,-5.4,-1.86
199808,1998,8,-13.1,-18.79,-14.31,-10.41,-17.65,-11.8,-14.24,-12.35,1.96,-21.46
199809,1998,9,1.25,1.03,0.55,13.04,15.16,10.16,1.47,12.04,8.15,2.78
199810,1998,10,10.99,11.04,11.29,1.25,6.27,6.86,10.7,3.87,-1.78,9.02
199811,1998,11,6.42,5.32,3.61,0.42,11.67,3.61,9.49,6.19,1.34,6.11
199812,1998,12,0.33,3.89,2.36,-1.2,15.2,14.35,9.23,5,2.86,3.45
199901,1999,1,-3.48,5.2,0.52,-5.57,15.1,8.95,2.24,0.22,-6.24,0.95
199902,1999,2,-3.98,-4.61,-2.03,-3.17,-11.48,-2.89,-1.37,0.18,-3.62,0.02
199903,1999,3,-2.02,-0.25,4.76,15.41,8.41,-0.96,2.69,2.52,-1.64,2.44
199904,1999,4,3.92,9.73,9.38,15.84,2.27,7.74,0.44,-5.53,7.35,6.69
199905,1999,5,1.36,-4.61,-3.22,-3.1,-0.76,1.03,-3.07,-2.03,6.72,-3.91
199906,1999,6,0.27,0.93,4.49,-1.41,11.62,5.82,8.16,4.49,-4.48,3.01
199907,1999,7,-2.45,-5.86,-1.2,1.73,-1.71,-1.89,-5.03,-4.43,-0.44,-5.95
199908,1999,8,-4.59,0.65,-0.53,1.82,5.5,-7.97,-5.94,3.71,0.55,-5.08
199909,1999,9,-6.83,-8.45,-3.1,-4.02,-0.17,4.08,1.34,-7.07,-4.33,-4.52
199910,1999,10,6.6,4.35,5.81,-1.49,3.01,8.77,3.18,10.77,2.21,11.54
199911,1999,11,-1.1,-2.1,-1,3.82,12.71,4.43,4.17,1.51,-7.39,-2.48
199912,1999,12,-2.63,2.67,10.33,0.84,20.77,2.93,6.68,-5.65,-2.28,1.37
200001,2000,1,-4.72,-1.27,-8.69,1.24,-5.25,-3.54,-11.11,7.59,6.03,-4.77
200002,2000,2,-6.27,-8.27,-3.85,-5.41,18,-4.1,-3.93,-2.75,-7.16,-7.38
200003,2000,3,7.42,10.62,7.49,11.69,4.19,7.67,13.34,0.16,5.94,14.39
200004,2000,4,-1.95,8.83,1.42,-1.99,-10.5,-7.62,-4.46,5.26,7.48,-2.85
200005,2000,5,7.08,-12.51,-1.69,9.38,-10.76,-10.76,-2.84,3.96,3.97,3.36
200006,2000,6,2.2,-9.03,-1.23,-5.05,12.61,4.04,-2.23,11.55,-4.72,-3.11
200007,2000,7,0.72,4.86,-1.48,-2.58,-5.18,-7.46,-1.23,-6.47,4.21,5.34
200008,2000,8,-2.08,5.36,7.38,8.74,12.68,-1.39,-2.39,3.46,11.76,9.24
200009,2000,9,3.71,-4.31,-5.69,4.51,-14.82,-3.35,2.66,3.71,9.16,0.25
200010,2000,10,7.74,2.47,3.51,-2.9,-7.48,-0.24,-1.83,2.08,-1.81,-1.29
200011,2000,11,2.74,-11.53,-3.13,-2.53,-23.16,-15.46,-1.04,0.75,3.06,-6.02
200012,2000,12,5.5,-0.18,6.95,7.69,-7.99,-4.57,5.66,3.51,6.6,7.13
200101,2001,1,-2.2,13.4,-1.07,-3.37,16.03,14.38,6.43,-8.51,-10.77,0.07
200102,2001,2,0.13,-1.16,-3.91,0.04,-26.05,-9.85,-5.36,-0.55,6.16,-4.3
200103,2001,3,-4.78,-2.87,-6.1,-0.14,-13.86,-5.79,-2.88,-8.57,1.24,-4.51
200104,2001,4,0.9,8.59,7.47,10.06,18.04,2.7,5.61,4.23,5.53,6.09
200105,2001,5,3.39,-1.62,2.19,0.09,-3.21,-1.38,1.61,2.81,0.24,3.63
200106,2001,6,-1.53,3.73,-4.63,-7.52,1.4,-3.11,-2.59,-3.07,-6.05,-0.08
200107,2001,7,-0.17,3.18,0.52,-2.23,-7.53,-0.56,4.58,2.31,-3.83,-2.2
200108,2001,8,2.47,-11.23,-1.99,-3.52,-12.65,-9.3,-6.98,-3.09,0.52,-5.35
200109,2001,9,-2.98,-16.96,-12.8,-5.62,-18.98,-1.97,-9.52,-0.6,-6.58,-8
200110,2001,10,1.26,1,3.88,4.73,15.73,-9.67,1.57,1.24,1.87,-0.97
200111,2001,11,2.19,15.48,8.43,-4.07,15.89,5.8,9.82,5.03,-1.54,7.3
200112,2001,12,1.92,-0.74,2.62,5.95,-0.64,2.54,4.33,-2.82,4.04,3.67
200201,2002,1,1.46,2.94,1.54,-2.88,-0.5,-6.94,2.62,-2.41,-4.34,-1.68
200202,2002,2,4.27,3.16,4.42,5.46,-13.09,-2.21,-0.15,-0.46,-0.37,-0.25
200203,2002,3,4.03,6.86,4.97,7.67,6.47,0.12,2.09,0.54,10.28,5.18
200204,2002,4,2.47,1.8,-1.44,-4.54,-11.77,-12.96,-1.63,-7.52,-0.41,-2.82
200205,2002,5,1.25,-0.31,-0.28,-0.77,-3.74,3.2,-1.43,-2.27,-6.91,-0.52
200206,2002,6,-5.85,-8.1,-3.06,-0.06,-12.13,-14.02,-5.1,-9.68,-5.8,-5.16
200207,2002,7,-6.62,-12.18,-8.5,-11.83,-9.74,-11.79,-11.43,-2.57,-12.13,-6.38
200208,2002,8,2.24,0.57,-1.27,0.63,-0.94,0.14,1.85,0.63,3.41,1.14
200209,2002,9,-7.67,-10.93,-8.35,-8.11,-16.6,-9.63,-9.43,-5.88,-10.84,-10.6
200210,2002,10,5.06,-3.09,3.79,3.18,19.4,22.11,5.74,5.67,-0.62,6.37
200211,2002,11,-1.09,11.9,6.26,3.01,16.24,11.76,1.89,3.78,1.57,4.21
200212,2002,12,-0.25,-7.17,-3.77,0.84,-12.91,-9.44,-6.97,-4.07,3.84,-4.79
200301,2003,1,-3.94,-3.16,-4.09,-2.5,-1.5,-4,-4.77,-0.61,-3.27,-2.38
200302,2003,2,-2.88,-4.99,-2.26,1.94,1.17,-6.61,-1.22,-1.96,-3.97,-2.7
200303,2003,3,-2.59,-2.63,1.31,1.5,-0.95,-0.66,4.65,3.79,4.31,1.04
200304,2003,4,4.39,14.96,6.38,-0.47,9.18,11.5,8.99,4.39,7.31,11.63
200305,2003,5,9.51,2.86,4.65,8.64,9.8,6.29,3.49,3.94,10.12,5.23
200306,2003,6,1.64,2.84,0.5,-0.96,0.35,1.91,3.44,4.15,0.74,0.91
200307,2003,7,-1.68,6.6,4.98,-2.62,5.62,-1.93,3.29,0.48,-5.15,3.59
200308,2003,8,0.3,7.85,4.13,6.18,6.07,1.16,6.74,-2.82,1.92,0.64
200309,2003,9,1.13,-4.15,-3.75,-2.18,-0.91,-5.64,-4.54,0.29,3.85,0.26
200310,2003,10,5.94,6.99,8.92,1.64,8.28,6.81,9.02,0.87,1.51,6.34
200311,2003,11,3.61,3.08,2.07,0.65,1.85,-0.68,0.54,1.83,0.95,1.15
200312,2003,12,3.44,12.27,6.73,13.6,2.16,7.64,-2.13,5.65,5.85,4.27
200401,2004,1,0.06,-1.18,-0.64,0.23,4.51,1.4,0.45,3.09,1.91,2.9
200402,2004,2,4.25,-0.08,1.97,4.53,-2.92,-0.49,6.09,0.9,2.11,2.13
200403,2004,3,-0.09,-1.19,-0.3,0.02,-2.51,-2.06,0.29,-3.92,1.14,-0.64
200404,2004,4,1.42,2.28,-0.14,2.66,-4.89,-0.48,-2.7,3.52,-3.56,-3.81
200405,2004,5,-1.89,-1.65,1.64,0.58,4.82,-2.95,0.3,-0.41,1.25,1.73
200406,2004,6,1.66,5.02,5.33,5.44,2.67,0.82,0.04,-0.5,2.03,1.32
200407,2004,7,-5.98,-4.64,-4.05,3.32,-8.51,-1.02,-4.03,-5.92,1.06,-2.35
200408,2004,8,0.77,-2.23,1.34,-1.39,-4.51,1.17,-1.2,1.64,3.66,1.88
200409,2004,9,-2,2.3,1.92,8.84,3.47,1.41,2.61,-1.4,1.38,1.11
200410,2004,10,2.83,-3,-1.43,0.64,5.15,3.46,3.06,-2.44,4.24,1.1
200411,2004,11,4.6,7.27,7.22,6.57,5.76,3.61,3.67,0.68,4.89,4.72
200412,2004,12,4.79,4.88,2.51,-2.31,3.1,4.29,3.5,5.66,2.49,4.43
200501,2005,1,0.21,-7.02,-1.76,3.03,-6.35,-4.21,-1.07,-4.08,1.76,-2.18
200502,2005,2,0.72,-0.25,4.1,19.41,0.04,-0.3,0.83,2.44,2.36,0.15
200503,2005,3,-0.85,-8,-1.43,-3.44,-2.53,-0.18,0.04,-0.47,0.61,-2.37
200504,2005,4,-0.95,-11.09,-4.68,-5.6,-4.47,-2,-5.29,3.95,2.13,-1.6
200505,2005,5,2.34,8.84,2.91,2.07,8.2,1.54,6.43,1.48,1.66,3.24
200506,2005,6,-1.68,2.1,-1.16,5.76,-1.64,0.14,2.43,-0.59,5.56,1.42
200507,2005,7,2.61,5.41,5.83,6.14,6.16,3.09,5.82,3.72,2.98,2.42
200508,2005,8,0.01,-2.87,-1.36,5.7,-0.36,-1.25,-5.62,-0.31,1.25,-1.68
200509,2005,9,0.13,-5.15,0.84,7.26,0.65,-1.47,-1.8,-1.92,4.38,1.28
200510,2005,10,-1.92,-4.38,-2.48,-10.16,-1.78,-2.98,1.56,-3.27,-6.85,1.36
200511,2005,11,1.16,2.22,5.33,1.01,6.47,2.63,3.96,1.58,-0.22,4.93
200512,2005,12,0.23,-0.64,1.44,0.49,-1.91,-1.66,-0.59,2.39,1.24,0.12
200601,2006,1,0.11,5.85,5.18,12.54,4.08,3.82,2.01,2.17,3.03,1.59
200602,2006,2,1.27,-0.45,1.03,-8.14,-0.99,3.33,1.41,1.07,0.22,0.97
200603,2006,3,1.33,2.75,3.04,4,2.86,1.82,2.43,-0.96,-3.64,1.86
200604,2006,4,1.17,0.34,4.06,4.67,-1.15,1.68,-1.58,-1.96,1.85,2.13
200605,2006,5,1.68,0.68,-3.37,-3.46,-6.9,-0.22,-1.88,-2.18,1.5,-3.25
200606,2006,6,0.3,1.77,-0.49,2.73,-1.44,2.96,0.29,-0.12,2.41,-0.37
200607,2006,7,3.5,-3.01,-3.65,5.11,-3.79,2.42,-4.29,4.14,4.83,-0.9
200608,2006,8,3.08,2.37,2.05,-3.29,7.42,2.28,2.22,2.33,2.28,1.72
200609,2006,9,-0.62,4.28,1.89,-3.82,3.57,3.66,5.69,1.53,-2.11,3.23
200610,2006,10,2.8,4.98,4.42,5.16,4.05,5.19,3.96,1.71,5.36,2.98
200611,2006,11,1.41,1.78,3.54,8.6,3.01,0.63,-1.28,0.06,3.06,1.61
200612,2006,12,2,-0.77,0.51,-1.93,-0.99,4.33,1.45,0.15,0.73,3.21
200701,2007,1,1.52,2.85,3.17,-1.34,2,3,3.65,3.5,0.51,1.05
200702,2007,2,-1.53,-0.48,0.77,-2.11,-2.34,-2.77,-0.59,-2.85,4.14,-2.28
200703,2007,3,2.62,-1.04,1.61,5.88,0.86,2.32,0.75,-0.25,4.33,-0.24
200704,2007,4,3.62,6.21,4.41,5.14,4.89,1.74,2.29,6.8,3.94,3.3
200705,2007,5,2.89,3.19,4.78,7.13,3.93,7.31,2.36,1.14,1.2,3.18
200706,2007,6,-1.06,1.87,-0.68,0.87,0.52,-1.8,-1.97,-3.4,-4.83,-2.74
200707,2007,7,-4.19,-5.81,-0.01,-1.12,-1.06,-3.1,-5.35,-3.99,-3.72,-5.33
200708,2007,8,1.83,-1.73,0.67,0.29,2.91,-0.86,1.52,2.27,1.84,1.17
200709,2007,9,3.95,1.74,5.44,7.86,4.21,2.05,-0.63,3.53,3.54,2.66
200710,2007,10,2.16,1,0.98,2.81,6.82,-2.17,1.18,1.54,6.83,0.2
200711,2007,11,0.85,-9.02,-2.65,-4.36,-7.53,-6.43,-3.75,0.03,-0.72,-5.98
200712,2007,12,-1.01,-2.19,1,7.68,1.49,-0.25,-2.67,-3.98,0.9,-3.47
200801,2008,1,-5.2,-5.4,-7.43,-9.08,-12.37,-7.75,-0.49,-4.6,-6.93,-2.08
200802,2008,2,-0.06,-5.97,0.74,6.87,-3.58,-3.88,-4.65,-0.93,-3.02,-7.87
200803,2008,3,1.21,-4.13,-0.1,-2.94,0.66,-0.05,1.86,-1.77,0.81,-1.92
200804,2008,4,-1.08,6.6,5.04,10.7,6.46,4.69,5.01,0.44,6.39,3.47
200805,2008,5,3.32,1.36,3.3,4.23,5.68,4.73,1.18,1.63,3.58,-2.35
200806,2008,6,-7.42,-19.56,-9.25,2.76,-8.83,-10.89,-8.08,-3.01,-0.4,-14.64
200807,2008,7,2.25,-0.23,-0.28,-15.67,-0.53,-3.18,1.14,6.73,-7.13,4.3
200808,2008,8,1.72,1.76,1.42,-0.03,2.39,4,5.38,1.8,-0.43,0.41
200809,2008,9,-2.93,-9.19,-13.48,-12.1,-12.44,-12.61,-5.77,-5.96,-11.94,-6
200810,2008,10,-13.02,-33.18,-20.75,-16.67,-18.33,-15.56,-15.13,-11.03,-11.12,-19.8
200811,2008,11,-5.47,-10.3,-7.76,0.22,-10.9,-1.58,-7.69,-7.35,1.23,-12.4
200812,2008,12,0.86,0.3,1.37,-2.42,2.17,3.46,4.88,6.74,-2.04,0.76
200901,2009,1,-5.13,-13.78,-9.14,-3.53,-3.23,-10.28,-7.6,-2.21,-0.82,-17.81
200902,2009,2,-7.65,-12.27,-13.49,-12.46,-5.06,-6.94,-3.06,-9.95,-12.59,-14.53
200903,2009,3,6.42,11.95,7.61,3.95,11.5,7.51,9.95,7.06,2.79,13.01
200904,2009,4,4.96,45.52,17.33,4.53,12.27,9.66,9.53,-0.9,2.09,16.17
200905,2009,5,7.16,-3.65,5.49,10.37,3.03,1.05,-0.94,6.2,4.63,7.23
200906,2009,6,0.65,4.31,-1.71,-4.75,4.55,1.65,-0.29,3.59,4.63,-2.02
200907,2009,7,7.31,19.73,11.32,5.33,8.12,5.52,6.76,5.49,4.41,9.16
200908,2009,8,0.74,2.45,2.97,0.79,2.27,0.73,3.7,2.21,0.25,7.7
200909,2009,9,4.21,2.14,6.52,5.07,5.22,6.48,2.4,2.39,2.24,3.14
200910,2009,10,-0.62,-0.63,-2.85,2.45,-1.52,-3.48,0.05,-3.72,-2.71,-5.38
200911,2009,11,3.86,10.36,7.6,3.26,4.85,6.52,5.01,8.23,4.57,5.66
200912,2009,12,2.64,5.69,2.88,-0.5,5.99,6.42,1.95,2.47,5.86,0.73
201001,2010,1,-2.4,-0.43,-3.32,-4.84,-7.84,-6.72,-1.84,-0.02,-4.44,-0.54
201002,2010,2,2.66,7.39,5.21,2.61,4.81,2.76,4.3,0.38,-0.42,3.64
201003,2010,3,5.89,9.35,6.52,3.23,6.69,7.63,6.26,3.63,3.12,8.1
201004,2010,4,-1.02,7.26,3.19,4.05,2.28,3.41,2.55,-2.18,2.85,1.83
201005,2010,5,-5.73,-9.06,-8.42,-10.27,-7.78,-5.86,-5.36,-8.06,-6.29,-8.76
201006,2010,6,-1.9,-10.67,-5.8,-6.36,-6.17,-3.84,-9.06,-1.67,-0.7,-6.52
201007,2010,7,7.36,15.72,9.66,7.69,7.31,9.53,4.61,2.14,6.81,6.81
201008,2010,8,-1.17,-9.67,-5.49,-3.43,-6.53,-1.99,-3.97,-1.66,0.37,-7.1
201009,2010,9,6.14,13.52,10.09,9.21,12.56,7.87,12.15,9.01,3.65,8.51
201010,2010,10,4.34,8.49,5.12,4.59,6.41,4.57,2.42,1.98,1.86,2.03
201011,2010,11,-0.07,7.47,1.43,5.52,-0.74,-1.89,4.17,-3.34,-1.33,0.5
201012,2010,12,4.35,8.61,7.01,9.41,5.99,6.58,3.23,5.44,3.22,9.23
201101,2011,1,-2.37,0.3,2.98,6.93,3.93,0.07,-0.86,-0.72,2.2,2.1
201102,2011,2,4.72,-1.78,3.42,7.63,2.42,7.4,2.26,3.32,2.43,2.94
201103,2011,3,3.02,1.74,1.86,2.1,-1.45,1.68,1.1,2.29,0.92,-1.08
201104,2011,4,4.61,2.22,2.96,1.59,3.14,3.3,4.51,6.34,4,1.06
201105,2011,5,2.04,-3.54,-2.17,-4.52,-1.75,0.77,0.88,1.95,1.32,-2.64
201106,2011,6,-1.08,-1.06,-0.61,-2.34,-2.46,-1.39,-0.89,-1.88,-0.34,-2.12
201107,2011,7,-0.42,-8.93,-4.8,0.5,-0.52,-4.95,-0.64,-3.66,-0.33,-3.66
201108,2011,8,-0.66,-12.08,-6.14,-10.02,-6.79,-5.06,-2.89,-3.16,0.17,-8.15
201109,2011,9,-4.88,-14.1,-10.97,-12.31,-4.8,-5.77,-3.89,-3.95,-1.61,-11.1
201110,2011,10,6.29,23.28,14.09,16.24,11.8,7.59,9.77,5.54,6.7,13.59
201111,2011,11,1.44,-8.02,1.39,2.15,-2,0.3,1.06,1.3,1,-2.03
201112,2011,12,1.89,-1.2,-0.78,-0.36,-1.42,3.13,0.9,3.51,2.93,1.46
201201,2012,1,0.39,13.55,6.74,1.03,8.49,2.37,4.07,3.41,-2.71,7.23
201202,2012,2,3.93,6.05,3.86,6.49,6.64,4.85,3.12,1.26,1.31,4.21
201203,2012,3,3.88,0.94,0.68,-3.27,4.66,2.31,4.66,3.94,1.48,4.9
201204,2012,4,0.81,-7.02,-0.72,-1.57,-2.11,1.75,0.96,0.61,1.73,-1.66
201205,2012,5,-2.67,-8.16,-7.78,-10.56,-7.85,-0.81,-3.05,-3.25,-0.91,-7.73
201206,2012,6,3.42,-5.56,1.25,5.78,2.91,7.05,2.17,6.83,3.4,4.89
201207,2012,7,1.38,0.38,0.86,2.82,-0.11,4.14,1.24,1.63,3.62,-1.23
201208,2012,8,0.12,4.15,3.26,2.37,4.8,0.97,2.75,0.98,-3.44,3.12
201209,2012,9,0.89,3.57,1.66,3.82,1.24,4.86,1.95,4.69,2.11,3.79
201210,2012,10,-1.71,5.88,-0.62,-1.88,-6.34,-2.4,-1.02,-1.91,1.09,0.91
201211,2012,11,3.22,3.12,2.66,-1.5,1.46,0.07,1.46,1.5,-3.76,-0.37
201212,2012,12,-2.28,7.31,2.76,1.33,0.36,1.15,-1.12,-0.53,0.08,3.67
201301,2013,1,5.1,3.5,6.05,7.47,2.38,4.85,5.58,8.08,5.05,6.76
201302,2013,2,3.19,0.01,1.28,0.68,0.67,2.29,0.85,1.32,2.2,1.41
201303,2013,3,5.06,4.03,2.61,2.07,2.72,5.64,4.72,6.51,5.68,4.18
201304,2013,4,3.78,3.65,0.75,-1.39,0.4,4.3,2.69,2.6,5.13,0.83
201305,2013,5,-2.31,9.88,3.48,3.05,4.55,-1.8,2.23,1.62,-7.11,5.92
201306,2013,6,0.11,-0.46,-1.99,-2.39,-2.92,2.09,-0.06,-1.37,0.82,-1.19
201307,2013,7,2.86,9.01,6.15,5.18,5.7,3.42,5.9,8.08,4.58,5.69
201308,2013,8,-3.93,-1.02,-1.84,-1.89,-0.2,-3.29,-4.23,-3.68,-4.42,-3.64
201309,2013,9,1.95,6.47,5.2,1.97,3.83,4.28,4.51,4.16,1.04,3.83
201310,2013,10,4.81,0.76,4.52,4.78,3.8,5.81,5.11,3.56,3.34,3.9
201311,2013,11,1.29,1.88,2.87,0.85,3.58,0.09,3.68,4.49,-1.8,4.79
201312,2013,12,2.45,1.24,3.11,3.05,3.99,3.97,0.28,0.62,1.79,3.1
201401,2014,1,-5.75,-3.61,-4.19,-6.89,-1.39,-3.8,-6.45,1.88,2.49,-4.37
201402,2014,2,3.43,8,5.39,5.66,5.14,2.56,5.35,6.48,3.08,3.49
201403,2014,3,3.26,-1.13,0.37,2.44,-0.62,0.17,-0.58,-2.56,2.68,1.98
201404,2014,4,1.54,0.33,0.9,5.67,-1.05,0.39,-0.95,-0.41,3.98,-1.97
201405,2014,5,3.47,0.69,1.19,0.88,3.39,4.1,0.98,1.87,0,1.86
201406,2014,6,1.16,4.45,1.37,4.12,2.88,1.54,1.29,2.9,5.41,2.45
201407,2014,7,-4.34,-4.66,-4.13,-3.55,0.23,0.79,-2.25,-0.3,-6.4,-2.27
201408,2014,8,5.56,5.19,4.81,2.31,4.24,0.32,5.01,5.54,5.31,4.12
201409,2014,9,-0.1,-9.41,-2.54,-7.83,-1.35,-1.44,-1.44,-0.22,-3.37,-1.13
201410,2014,10,2.67,3.72,2.38,-4.19,1.46,1.31,3.06,5.9,6.71,3.44
201411,2014,11,4.74,4.73,2.25,-9.59,4.3,2.46,7.57,2.52,0.26,2.49
201412,2014,12,-2.41,0.6,-0.11,0.54,-1.2,-2.04,1.6,-0.82,1.86,1.17
201501,2015,1,-0.55,-4.36,-3.75,-4.31,-3.49,-4.47,-0.25,1.59,1.24,-6.36
201502,2015,2,5.13,8.18,6.14,4.73,8.25,8.91,5.56,4.24,-4.35,7.21
201503,2015,3,-2.44,-0.46,-2.06,-2.49,-2.47,-2.11,0.69,0.76,-0.32,-0.59
201504,2015,4,0.85,-1.01,-0.71,6.67,1.44,3.6,-2.19,-1.42,0.28,0.62
201505,2015,5,1.49,1.04,0.89,-5.1,1.99,0.33,0.94,4.91,-0.46,1.74
201506,2015,6,-1.34,-1.65,-1.97,-3.77,-3.58,-0.52,-0.57,0.16,-5.29,0.03
201507,2015,7,4.96,-2.09,-2.06,-8.93,2.38,1.55,4.91,3.49,2.65,1.82
201508,2015,8,-4.11,-6.14,-5.62,-3.64,-5.79,-8.38,-5.37,-8.37,-4.06,-6.18
201509,2015,9,-0.56,-3.3,-4.26,-5.74,-1.48,-2.49,-1.79,-6.95,-0.5,-3.06
201510,2015,10,6.8,6.78,9.42,12.17,10.18,9.07,4.51,7.5,2.09,6.6
201511,2015,11,-0.91,1.94,0.43,1.06,1.25,-2.02,0.91,0.57,-3.44,1.38
201512,2015,12,0.78,-3.99,-2.58,-9.61,-2.63,-2.97,0.31,0.29,-2.36,-2.67
201601,2016,1,0.17,-12.63,-5.72,-4.36,-6.12,0.34,-4.18,-10.13,4.67,-8.77
201602,2016,2,0.59,4.09,3.35,-2.95,-0.86,0.95,0.07,-0.98,1.75,-0.43
201603,2016,3,5,10.8,6.9,10.89,8.35,6.13,5.72,3.96,7.86,7.16
201604,2016,4,0.3,1.52,2.32,9.17,-4.1,0.67,-0.64,4.95,-0.8,2.39
201605,2016,5,0.73,-1.2,-0.52,-0.59,5.07,0.29,0.98,2.41,2.24,1.2
201606,2016,6,4.73,-5.8,0.92,2.55,-1.77,3.57,0.88,-0.16,7.42,-3.07
201607,2016,7,-0.06,8.81,4.07,-2.73,7.63,2.24,3.51,6.16,-0.26,3.75
201608,2016,8,-0.61,0.19,1.48,1.61,1.8,-3.17,-1.42,-3.14,-3.77,3.3
201609,2016,9,-2.48,-1.66,-0.09,2.83,2.3,0.48,-0.67,0.58,1.83,-1.1
201610,2016,10,-0.18,-3.56,-2.58,-2.96,-1.14,-3.03,-3.97,-7.52,-0.67,0.74
201611,2016,11,-3.87,7.49,6.29,9.57,0.62,6.55,4.39,2.4,-2.64,11.64
201612,2016,12,3.46,4,0.5,1.97,0.95,4.88,-0.4,0.72,3.61,2.97
201701,2017,1,1.69,2.94,3.35,-4.29,4.58,3.36,1.03,2.03,1.07,0.95
201702,2017,2,3.75,0.62,4.16,-2.46,4.89,-0.03,2.82,7,3.98,3.68
201703,2017,3,0.88,0.23,0.13,-1.19,2.09,0.92,0.81,0.04,0.37,-1.66
201704,2017,4,0.51,1.85,1.86,-2.74,2.61,0.17,2.7,0.91,0.33,0.3
201705,2017,5,3.23,-0.36,1.29,-3.36,4.23,-1.4,1.65,-0.26,2.43,-0.52
201706,2017,6,-1.06,3.59,1.21,-0.15,-2.04,-2.45,-1.94,5.54,-1.91,4.41
201707,2017,7,-0.13,-1.19,2.18,2.06,3.67,5.27,0.16,0.7,2.99,1.36
201708,2017,8,-1.75,-0.02,0.34,-5.09,3.01,-2.47,-1.63,2.59,2.17,-0.64
201709,2017,9,-0.4,5.29,4.22,10.93,0.68,-1.51,2.42,2.09,-1.95,4.57
201710,2017,10,0.08,1.2,2.78,0.5,6.93,-5.55,2.78,-2.26,3.02,2.08
201711,2017,11,4.07,-0.65,3.46,2.95,1.04,4.07,8.04,2.46,2.42,3.91
201712,2017,12,2.01,-0.87,2.29,5.01,-0.16,4.48,2.44,-0.15,-4.98,1.41
201801,2018,1,1.93,2.66,4.1,2.8,7.85,3.16,9.41,6.38,-2.81,5.78
201802,2018,2,-6.22,-6.08,-4.04,-10.75,-0.09,-7.05,-4.64,-3.49,-4.54,-3.28
201803,2018,3,-1.08,-5.74,-2.24,3,-3.17,-2.54,-2.52,-2.41,3.17,-2.63
201804,2018,4,-3.98,-0.07,-3.42,10.05,-0.21,-2.28,3.93,-0.04,2.78,0.62
201805,2018,5,-0.56,2.97,2.52,3.41,6.81,-0.83,0.87,2.37,0.22,1.34
201806,2018,6,4.55,0.88,-1.01,0.53,-0.4,6.43,3.03,1.48,2.61,-0.97
201807,2018,7,2.86,-1.63,5.25,1.09,2.45,2.71,3.22,5.92,1.69,3.81
201808,2018,8,-1.15,-0.72,-0.35,-2.84,7.2,2.91,8.04,4.5,0.93,2.27
201809,2018,9,0.72,-3.95,1.31,3.37,-0.14,1.77,0.6,2.08,-0.56,-1.45
201810,2018,10,-0.24,-2.86,-9.92,-11.92,-8.77,-0.43,-8.78,-8.79,-0.07,-6.74
201811,2018,11,0.48,5.33,4.64,-2.2,-1.53,2.53,2.47,6.42,3.28,2.81
201812,2018,12,-11.29,-11.37,-8.74,-13.04,-8.14,-8.7,-9.06,-8.25,-4.76,-10.94
201901,2019,1,7.29,10.54,9.72,10.33,9.29,5.44,8.2,5.32,5.42,9.8
201902,2019,2,1.34,3.75,5.19,2.47,5.76,3.23,0.68,3.3,3.56,2.96
201903,2019,3,3.66,-5.36,-0.85,2.02,3.78,0.45,3.43,0.5,3.33,-1.47
201904,2019,4,3.13,3.33,4.05,0.22,5.85,6.02,4.63,-3.16,1,6.63
201905,2019,5,-5.62,-12.43,-9.16,-11.83,-8.44,-3,-6.04,-3.4,-1.55,-6.17
201906,2019,6,4.92,13.15,8.07,8.83,8.03,5.14,7.14,6.83,3.64,6.64
201907,2019,7,1.75,1.03,0.94,-2.68,3.47,2.05,0.91,-2.18,-1.01,1.86
201908,2019,8,-1.38,-4.76,-1.69,-8.74,-2.57,0.29,0.12,-0.64,3.44,-4.69
201909,2019,9,1.87,3.69,3.85,3.68,1.17,1.23,0.86,-0.98,3.93,2.06
201910,2019,10,0.07,7.15,0.08,-2.07,3.19,2.16,0.78,4.68,-1.39,3.11
201911,2019,11,2.18,2.69,3.28,1.16,5.23,2.49,2.16,5.61,-2.14,5.07
201912,2019,12,3.5,5.49,1.36,6.2,3.78,1.02,1.32,3.46,4.11,2.41
202001,2020,1,-0.35,6.5,-2.74,-11.88,3.36,-2.1,1.02,-1.99,4.83,-1.45
202002,2020,2,-8.67,-7.16,-8.6,-15.3,-6.92,-6.21,-6.83,-5.36,-9.85,-9.93
202003,2020,3,-11.38,-22.8,-16.92,-34.47,-9.86,-13.32,-7.6,-5.09,-12.94,-19.35
202004,2020,4,8.05,26.15,10.87,32.36,15.32,9.53,18.05,13.48,5.08,11.08
202005,2020,5,3.26,7.35,5.8,0.52,7.97,4.79,4.33,4.15,4.6,4.08
202006,2020,6,0.01,14.7,2.58,-0.4,5.9,-2.6,4.28,-1.45,-5,0.16
202007,2020,7,5.86,19.07,4.57,-4.77,6.97,5.04,9.47,4.39,6.35,3.53
202008,2020,8,4.45,41.97,6.18,-1.08,10.43,5.6,8.15,2.35,-2.24,6.9
202009,2020,9,-2.07,-9.2,-0.16,-14.9,-5.2,-1.98,-3.86,-1.46,-0.32,-2.93
202010,2020,10,-2.69,-3.38,-0.72,-4.5,-1.88,-3.85,-2.64,-4.4,4.47,-1.58
202011,2020,11,10.02,34.48,13.94,28.49,10.8,14.48,8.32,9.86,2.68,15.87
202012,2020,12,4.91,15.63,2.53,6.27,5.14,5.24,1.4,4.7,0.63,5.54
202101,2021,1,-4.15,11.83,-2.35,4.67,0.59,-3.52,-0.16,3.43,-0.44,-2.82
202102,2021,2,1.32,-8.3,5.54,23.36,1.57,4.24,-1.67,-1.28,-4.57,9.71
202103,2021,3,7.27,0.69,7.73,2.25,0.72,1.62,5.7,-0.08,10.37,5.69
202104,2021,4,3.32,4.32,2.47,0.72,6.41,3.06,7.18,2.97,3.97,5.63
202105,2021,5,1.97,-5.46,2.76,6.16,-0.85,-0.58,-2.25,-0.11,-1.16,2.87
202106,2021,6,-0.8,5.68,-1.01,5.51,6.92,0.02,2.82,4.39,-1.41,-2.48
202107,2021,7,0.21,-0.96,1.33,-8.58,3.38,0.33,0.26,2.92,2.97,-0.42
202108,2021,8,-0.28,1.78,0.55,-1.19,4.65,1.34,2.38,2.85,3.23,2.59
202109,2021,9,-4.56,2.8,-5.79,10.99,-6.22,-5.58,-4.2,-6.01,-4.86,-2.26
202110,2021,10,3.74,30.86,4.99,10.33,7.8,-4.23,4.97,2.25,5.11,7.25
202111,2021,11,-3.87,2.04,-0.69,-5.35,0.99,-7.18,1.5,-4.29,-1.96,-4.96
202112,2021,12,8.06,-4.69,5.81,3.1,1.79,3.91,1.36,6.62,8.55,4.88
202201,2022,1,-0.66,-10.31,-5.84,17.43,-8.34,-1.91,-8.95,-8.77,-2.1,-3.22
202202,2022,2,-0.56,-7.08,-1.23,8.27,-4.98,0.27,-1.52,-1,-1.1,-0.97
202203,2022,3,0.43,15.05,0.92,9.72,3.29,-2.44,3.02,5.13,9.67,1
202204,2022,4,2.26,-16.96,-5.3,-1.24,-12.6,-10.63,-9.93,-6.88,-3.71,-8.98
202205,2022,5,-1.63,-9.04,-0.38,15.57,-2.09,8.62,-4.09,0.96,4.79,0.66
202206,2022,6,-3.91,-11.89,-9.45,-16.52,-8.31,-6.65,-7.72,-2.01,-6.54,-9.76
202207,2022,7,4.15,27.65,8.37,10.43,11.77,-0.04,14.65,2.77,6.3,8.69
202208,2022,8,-1.82,-5.81,-3.48,3.32,-5.25,-2.86,-3.14,-5.03,0.15,-2.62
202209,2022,9,-8.35,-6.55,-11.54,-9.14,-11.42,-13.85,-7.63,-1.91,-11.62,-8.05
202210,2022,10,9.98,-6.61,12.21,23.61,5.02,10.58,4.25,8.8,3.51,11.66
202211,2022,11,5.3,-8.1,9.03,0.99,5.28,2.15,3.85,5.35,6.78,5.99
202212,2022,12,-2.66,-28.07,-2.35,-4.17,-7.92,-6.81,-7.97,-1.74,-1.21,-5.37
202301,2023,1,-0.37,29.03,5.93,2.82,9.71,13.53,9.74,-1.03,-1.24,7.32
202302,2023,2,-2.18,11,-1.85,-6.84,-0.25,-6.5,-4.65,-4.29,-5.32,-2.68
202303,2023,3,3.13,-0.62,0.37,-0.32,10.33,-0.13,3.49,2.49,3.89,-5
202304,2023,4,3.16,-15.24,-0.58,2.59,0.26,0.99,2.19,4.12,1.72,1.83
202305,2023,5,-5.35,13.52,-5.54,-9.51,8.23,-9.4,0.62,-3.67,-5.82,-2.65
202306,2023,6,2.84,24.66,10.69,6.42,5.91,4.63,7.89,4.66,2.61,7.44
202307,2023,7,2.32,2.74,3.2,7.35,4.29,0.98,2.28,-0.12,2.79,5.24
